"number","title","pageid","namespace","length","touched"
"1","池原しげと","551","","10887","20211003134216"
"2","うるし原智志","601","","16592","20220204101755"
"3","貞本義行","779","","25379","20220323160700"
"4","SUEZEN","1087","","6573","20220207071030"
"5","坂口尚","1252","","46468","20220427121419"
"6","平野仁","1858","","3786","20211117071241"
"7","安彦良和","2046","","52069","20220404145054"
"8","高坂希太郎","8794","","9861","20220418122731"
"9","庵野秀明","12357","","76684","20220502050050"
"10","金田伊功","12514","","29037","20211026133430"
"11","新海誠","13014","","49798","20220422234652"
"12","板野一郎","44943","","32512","20220320130301"
"13","福井英一","71355","","24104","20220128204728"
"14","天野喜孝","71701","","25095","20220418150535"
"15","梶島正樹","88841","","4946","20210801041209"
"16","今敏","94492","","80005","20220331025028"
"17","水城まさひと","99733","","5493","20210327033812"
"18","佃公彦","104532","","9452","20220201133803"
"19","うしおそうじ","115097","","42306","20210317223824"
"20","谷口守泰","115366","","117508","20220415163107"
"21","政岡憲三","122115","","11983","20210709023244"
"22","後藤圭二","125510","","23486","20220502053329"
"23","細田守","127112","","44023","20220323162409"
"24","塩山紀生","132724","","23609","20220209173611"
"25","西尾鉄也","135418","","29961","20220319233123"
"26","近藤喜文","138331","","20486","20220323160637"
"27","大塚康生","139928","","48462","20220326142346"
"28","黄瀬和哉","140159","","30297","20220503071033"
"29","高橋ナオヒト","140775","","7977","20220405153720"
"30","村瀬修功","140800","","10643","20211225103559"
"31","小田部羊一","143528","","20514","20220407134638"
"32","平井久司","153734","","6348","20211122235409"
"33","金沢比呂司","154773","","5538","20210801042745"
"34","うのまこと","155133","","5806","20220330041425"
"35","鈴木伸一","169904","","12444","20220413080908"
"36","大張正己","175814","","34233","20220412204318"
"37","新房昭之","176262","","23094","20220403074616"
"38","渡辺明夫","185001","","24079","20220420155456"
"39","ことぶきつかさ","187382","","10783","20220421002202"
"40","大貫健一","188617","","8300","20220410154738"
"41","平野俊貴","188736","","11205","20220416144017"
"42","逢坂浩司","199225","","13724","20210815093240"
"43","なかむらたかし","205003","","26214","20220427162440"
"44","村田朋泰","205510","","6308","20210801043706"
"45","梅津泰臣","212602","","29376","20220408140136"
"46","伊藤有壱","218842","","4654","20211219011837"
"47","かわらじま晃","219984","","12593","20220426090349"
"48","青池良輔","224773","","3590","20220413124400"
"49","中澤一登","225103","","13216","20220503071806"
"50","森まさあき","225615","","5595","20220207144759"
"51","山村浩二","225625","","15811","20220501021521"
"52","前田真宏_(アニメ監督)","232905","","14429","20220430233337"
"53","神田武幸","234761","","4382","20220412005334"
"54","芝山努","234863","","16905","20220417000642"
"55","石黒昇","251386","","20271","20220221162601"
"56","川元利浩","251526","","10391","20220302170727"
"57","合田浩章","252393","","9188","20220320151026"
"58","北爪宏幸","261280","","9010","20220412171208"
"59","わたなべひろし","266160","","14630","20211018142206"
"60","杉野昭夫","273792","","30232","20220212155051"
"61","タナカカツキ","275989","","14477","20220107060204"
"62","結城信輝","276246","","12905","20210726114726"
"63","菊池通隆","282714","","256","20210412030212"
"64","佐々門信芳","288007","","4962","20210801045029"
"65","内田順久","303312","","4664","20210801045335"
"66","渡辺歩","304643","","12255","20220502212723"
"67","富永貞義","304901","","10787","20220407062912"
"68","中村英一","305487","","4976","20210801045355"
"69","平山智_(アニメーター)","310143","","14324","20220312174433"
"70","佐野浩敏","310172","","6446","20210314234442"
"71","伊藤嘉之","310334","","7465","20220305192620"
"72","本橋秀之","310811","","16437","20220308075328"
"73","楠部大吉郎","318774","","11981","20220301195329"
"74","小西賢一","324685","","8752","20220206093749"
"75","岩崎良明","325559","","8636","20220408162012"
"76","大塚正実","327840","","9877","20220305171234"
"77","望月智充","327871","","15241","20220306150424"
"78","摩砂雪","328390","","9154","20220426065939"
"79","鶴巻和哉","328419","","13399","20220315120017"
"80","岡村天斎","328584","","10960","20210827154134"
"81","毛利和昭","329213","","14868","20211015140127"
"82","杉井ギサブロー","329223","","19528","20220212154948"
"83","なかじまちゅうじ","329361","","22777","20220302162214"
"84","須田正己","329420","","11774","20220405172805"
"85","本田雄","329872","","19228","20220402041404"
"86","長谷川眞也","329962","","7620","20210814231940"
"87","すしお","330462","","15839","20211124160213"
"88","高村和宏","331941","","8746","20210317225015"
"89","藤森雅也","331986","","10135","20220302221112"
"90","小島正幸","332030","","11600","20220220173342"
"91","沖浦啓之","332384","","23735","20220420091911"
"92","森山雄治","332594","","20416","20220216174737"
"93","川尻善昭","332714","","17560","20220223152001"
"94","山田みちしろ","333676","","6573","20220302223808"
"95","後藤隆幸","333704","","11947","20220409092123"
"96","こだま兼嗣","335918","","10918","20210727115114"
"97","小林治_(アニメ演出家)","336307","","9151","20220302222404"
"98","小林治_(イラストレーター)","336556","","5214","20210722235010"
"99","前田実","336953","","20911","20211118175752"
"100","渡部高志","339856","","12324","20220417114247"
"101","関修一","339859","","11135","20220219152322"
"102","堤規至","340065","","8599","20211108125044"
"103","浜名孝行","340071","","8146","20220429180944"
"104","鈴木俊二","340177","","7861","20211130070107"
"105","平山円","340594","","8342","20220111153953"
"106","森康二","341530","","10119","20220417150302"
"107","兼森義則","341636","","14086","20210801050450"
"108","荒川真嗣","343214","","17052","20220326170212"
"109","小川博司_(アニメーター)","343277","","5319","20220403233234"
"110","渡辺はじめ","343410","","7685","20220423022034"
"111","西村博之_(イラストレーター)","343953","","10436","20220324141856"
"112","平松禎史","344102","","22944","20220321183452"
"113","増尾昭一","344726","","11693","20220305151925"
"114","芦田豊雄","345297","","24527","20220125104059"
"115","青木悠三","345324","","16539","20220430170721"
"116","月岡貞夫","345978","","13959","20220324032929"
"117","林静一","348549","","16060","20220306032634"
"118","近藤勝也","349948","","14011","20210603131639"
"119","湖川友謙","350508","","18139","20220216165859"
"120","馬越嘉彦","353834","","16606","20220302085141"
"121","磯光雄","360697","","44802","20220503030247"
"122","木村貴宏","361594","","19606","20211010185948"
"123","湯浅政明","362750","","36828","20220415171034"
"124","羽原信義","362804","","16441","20220421025712"
"125","辻繁人","363741","","3719","20210317231706"
"126","本多敏行","364119","","11694","20220223040922"
"127","小松原一男","366628","","13203","20220109174639"
"128","大藤信郎","367464","","4908","20210102231043"
"129","荒木伸吾","368343","","17279","20220309182338"
"130","佐藤元","370965","","11404","20220330041958"
"131","古川タク","371265","","11506","20220501021109"
"132","船越英之","371320","","7600","20220303134316"
"133","今石洋之","371700","","14114","20220225105547"
"134","吉成曜","373471","","21225","20220414173535"
"135","末吉裕一郎","374079","","11365","20220423133544"
"136","今掛勇","383278","","12279","20220401130304"
"137","入好さとる","384048","","12380","20220105194339"
"138","石ノ森章太郎","384376","","74974","20220425075713"
"139","吉松孝博","384668","","18219","20220424041651"
"140","吉成鋼","385573","","9984","20220208211912"
"141","木船徳光","391788","","2170","20210801051711"
"142","坂本三郎","392091","","3108","20220430062356"
"143","長岡康史","392428","","5952","20210801051721"
"144","森本晃司_(アニメーター)","397664","","30951","20220323232511"
"145","松原秀典","403017","","14685","20211118173202"
"146","石田卓也_(クレイアニメ作家)","403507","","10297","20220501094131"
"147","吉川惣司","403667","","18048","20220125051544"
"148","やまざきかずお","405431","","6362","20220110185045"
"149","仙波隆綱","420043","","9715","20220318233337"
"150","Shuzilow.HA","420265","","8010","20220217192305"
"151","中井一輝","422388","","3201","20210801052537"
"152","高見明男","426366","","11774","20220330041523"
"153","北久保弘之","428015","","6992","20220503020114"
"154","金山明博","430829","","17116","20220420130115"
"155","村中博美","432261","","7961","20220316212436"
"156","森田宏幸","436523","","10925","20211028215244"
"157","高柳哲司","438932","","5444","20210725054010"
"158","原田浩","447155","","10858","20210325155608"
"159","うつのみや理","451267","","9300","20220421055954"
"160","大平晋也","451335","","10019","20211209182355"
"161","田中達之","451390","","15575","20220323160915"
"162","大久保政雄","454032","","9167","20210804110307"
"163","松本憲生","456778","","10384","20210801053430"
"164","和田高明","459122","","19119","20220316175036"
"165","竹内哲也","460431","","8885","20210825151712"
"166","久行宏和","475620","","5640","20220412155359"
"167","井上俊之","476431","","16094","20220220154802"
"168","安藤雅司","482474","","22880","20211210175643"
"169","木村圭市郎","483106","","5128","20220113164652"
"170","横田守","488359","","12216","20220416032517"
"171","新田靖成","493357","","8189","20220321112525"
"172","吉田健一_(アニメーター)","497057","","18976","20220308162124"
"173","桂憲一郎","503413","","7672","20220324123509"
"174","黒田和也","504268","","8954","20220211131446"
"175","中鶴勝祥","505630","","9942","20211216181947"
"176","近藤高光","512326","","6436","20220103064408"
"177","小池健","524747","","16812","20220312011755"
"178","橋本晋治","526175","","6057","20220323161236"
"179","影山楙倫","532998","","10108","20220330042354"
"180","入江泰浩","533843","","7082","20211031071257"
"181","菅野宏紀","540162","","4260","20210801055317"
"182","さとうけいいち","541957","","9920","20220110170338"
"183","青野厚司","555342","","15930","20220423100235"
"184","橋本敬史","561274","","22143","20220419090709"
"185","木下ゆうき","561601","","22011","20220415125645"
"186","石野聡","563329","","10942","20220404001648"
"187","志田ただし","572917","","8163","20210316094458"
"188","岸田隆宏","572930","","15224","20220225013516"
"189","牧野竜一","583640","","6334","20220227003219"
"190","加藤正人_(ゲームクリエイター)","586689","","7962","20220315160625"
"191","千明孝一","595024","","11721","20220405163725"
"192","とりいかずよし","595247","","11073","20220428020544"
"193","野間吐史","602502","","2187","20210801060843"
"194","倉嶋丈康","607191","","9907","20211019144553"
"195","佐藤利幸","611378","","8201","20220416021004"
"196","名和宗則","613093","","8372","20220503002523"
"197","下田正美","615407","","8724","20210801061146"
"198","藤代健","617695","","5524","20210325233432"
"199","石浜真史","620955","","9987","20220426233921"
"200","土器手司","622554","","9803","20210611155557"
"201","大西雅也","626087","","5356","20210501232242"
"202","濱田邦彦","627167","","5371","20210520092750"
"203","佐藤雄三","629039","","13896","20220312073800"
"204","藤井昌宏","633632","","8000","20220309192341"
"205","関根昌之","639061","","5546","20220302223854"
"206","伊藤達文","643102","","10158","20210328082900"
"207","田村英樹","644190","","6610","20211108135835"
"208","金崎貴臣","650665","","9521","20220210141107"
"209","辻初樹","652993","","15860","20220422184628"
"210","ところともかず","655581","","6324","20220216165101"
"211","都留稔幸","655591","","4468","20220504142059"
"212","迫井政行","655941","","5226","20220305134409"
"213","桜美かつし","655965","","12141","20210805164816"
"214","中山勝一","655969","","7154","20220406102123"
"215","宮尾岳","664341","","6105","20220402011631"
"216","古橋一浩","666802","","8264","20220410150842"
"217","中村謙一郎","675151","","3912","20210801063043"
"218","安藤正浩","677591","","9482","20220323182216"
"219","大橋誉志光","680566","","9051","20210801063148"
"220","中村豊_(アニメーター)","680596","","6306","20220109074014"
"221","加瀬政広","681839","","12683","20220503123245"
"222","むらかみてるあき","682423","","7383","20220114162724"
"223","西島克彦","683816","","14925","20220323232531"
"224","石山タカ明","700574","","17043","20220424105010"
"225","宮崎駿","706758","","149568","20220504103657"
"226","高本宣弘","709001","","8427","20210801063814"
"227","太田雅彦","709008","","10124","20220212162018"
"228","小泉昇","712293","","5242","20220325003245"
"229","紺野直幸","717407","","6327","20211106140117"
"230","山室直儀","724169","","10785","20211216181431"
"231","大沼心","735194","","12737","20220213044122"
"232","平田雄三","736112","","5121","20220321144101"
"233","西内としお","745917","","4297","20211219003906"
"234","南家こうじ","746138","","8516","20211219002809"
"235","吉良敬三","746148","","5988","20220131145303"
"236","村田耕一","759176","","4722","20220109174742"
"237","後藤潤二","760727","","9936","20220308072731"
"238","布山タルト","763440","","1896","20210325233106"
"239","岸義之","771798","","6930","20220219152529"
"240","長森佳容","771822","","12484","20220415060405"
"241","久保田誓","790365","","7494","20220308072458"
"242","熊膳貴志","790605","","8344","20210314231355"
"243","寺田嘉一郎","790714","","2192","20210801070039"
"244","柳沢テツヤ","790759","","12169","20220320173852"
"245","大貫信夫","810762","","2005","20210801070530"
"246","杉本五郎_(漫画家)","820948","","7215","20211206112031"
"247","吉田隆彦","822235","","6505","20210825155545"
"248","岩倉和憲","823340","","9675","20210328075600"
"249","和田崇","823341","","3471","20210328084821"
"250","Rato","823667","","3246","20220409223958"
"251","ラレコ","832034","","9684","20210916134603"
"252","神志那弘志","834954","","9418","20220425142827"
"253","井上栄作","847457","","5096","20210801071506"
"254","舘直樹","848494","","7103","20211216181551"
"255","板垣伸","851592","","19698","20220503064044"
"256","西田達三","852204","","4359","20210710093623"
"257","稲上晃","852361","","6622","20220211073410"
"258","佐藤好春","852792","","15893","20220226015318"
"259","ひこねのりお","854921","","7791","20220316132532"
"260","江口寿志","860220","","3510","20220116133532"
"261","嘉手苅睦","865847","","8685","20220210151743"
"262","大木良一","868740","","6116","20220415000134"
"263","大塚健_(アニメーター)","875161","","17185","20220416033646"
"264","高谷浩利","893998","","6506","20220411092321"
"265","竹内進二","895973","","7439","20220414121109"
"266","山下高明","902360","","11221","20210801072922"
"267","須藤昌朋","907545","","12411","20220416134033"
"268","森久司","907682","","9560","20220428192017"
"269","小屋勝義","909173","","3586","20210801073127"
"270","ロマのフ比嘉","914051","","5784","20210919033853"
"271","木上益治","914078","","26463","20220317133445"
"272","三沢伸","921501","","7937","20220503054057"
"273","高岡希一","921584","","3172","20210801073536"
"274","竹内昭","921683","","11051","20220217003346"
"275","浜崎博嗣","921725","","10661","20220416152205"
"276","柳田義明","921789","","7729","20220302222230"
"277","尾鷲英俊","923073","","9293","20211010054609"
"278","西川秀明","924683","","4481","20220128011932"
"279","菅沼栄治","925227","","9310","20220325022624"
"280","酒井七馬","931766","","9230","20220313032152"
"281","高橋資祐","932014","","8695","20210719120120"
"282","小華和ためお","932139","","4952","20210813061225"
"283","吉田徹","932498","","35334","20220422094647"
"284","天久聖一","935208","","31275","20220423234241"
"285","名倉靖博","937208","","6395","20210922124723"
"286","田中比呂人","947313","","6154","20210820111415"
"287","山崎理","948188","","18877","20220327045903"
"288","大田和寛","956419","","7802","20220107155051"
"289","追崎史敏","957685","","17100","20220406153008"
"290","Toi8","958326","","14790","20220324002946"
"291","尾石達也","962373","","8789","20220320173907"
"292","実原登","973625","","12781","20220316191004"
"293","伊藤良明","974784","","7669","20220328031627"
"294","二宮常雄","978472","","9688","20210820111435"
"295","守岡英行","978969","","7774","20220226183221"
"296","山本泰一郎","982712","","9606","20220407103557"
"297","高橋信也","985204","","11885","20220413084624"
"298","高津幸央","985660","","6132","20210801075328"
"299","武本康弘","986088","","25779","20220204144535"
"300","福田道生","986976","","17745","20210910110119"
"301","なみきたかし","988921","","21238","20220109195943"
"302","佐伯昭志","995678","","8366","20220220184342"
"303","永沢まこと","998467","","7218","20220207124502"
"304","谺健二","1010275","","5307","20211107102306"
"305","竹井正樹","1018087","","5495","20210801080425"
"306","北野英明","1020251","","4977","20210801080520"
"307","上野ケン","1024420","","8404","20220424001447"
"308","相澤昌弘","1025654","","10962","20220503140305"
"309","竹田欣弘","1026172","","7098","20220404045726"
"310","森下圭介","1026925","","5043","20220109152308"
"311","椛島義夫","1026929","","4733","20220126134136"
"312","松竹徳幸","1027515","","21459","20220310100123"
"313","佐藤真人","1030351","","7953","20220424050907"
"314","中谷誠一","1036585","","5412","20211225020809"
"315","香西隆男","1050718","","7038","20211127032503"
"316","柴田淳_(アニメーター)","1055181","","4564","20210703133824"
"317","りょーちも","1069081","","8116","20211211055042"
"318","大森貴弘","1071754","","7031","20220329085525"
"319","古賀誠_(アニメーター)","1080771","","9789","20220328031552"
"320","窪岡俊之","1084609","","9099","20220226175738"
"321","山村洋貴","1092700","","7244","20220325020019"
"322","斉藤良成","1093868","","7772","20220330041455"
"323","斎藤久","1100005","","11541","20220108174701"
"324","柳沢まさひで","1110869","","5451","20220413213225"
"325","牟田清司","1116621","","7300","20210801083023"
"326","竹内浩志","1116835","","7066","20220504131027"
"327","森井ケンシロウ","1133189","","6061","20220318120915"
"328","錦織敦史","1151295","","8538","20220424034011"
"329","村木靖","1160676","","7923","20220419222525"
"330","岩根雅明","1163604","","16589","20220204111512"
"331","沼田誠也","1172573","","14356","20220121074641"
"332","三浦貴弘","1181096","","5451","20210727160153"
"333","鈴木博文_(アニメーター)","1191985","","6912","20211017142922"
"334","よしもときんじ","1198255","","9264","20220426084926"
"335","友永和秀","1200078","","27357","20220323161045"
"336","南正時","1201336","","6283","20211222114602"
"337","北原健雄","1202263","","11685","20210809231401"
"338","木崎文智","1205430","","6606","20210718045633"
"339","大山慶","1206534","","2971","20210801084819"
"340","田中良_(アニメーター)","1216724","","10065","20220112153530"
"341","金子ひらく","1220254","","6086","20220312214148"
"342","いまざきいつき","1232832","","11647","20220323174223"
"343","牧だいきち","1238362","","5364","20220420092147"
"344","渡部圭祐","1245852","","8564","20210727024012"
"345","千葉道徳","1262279","","11822","20220223074856"
"346","海老沢幸男","1273847","","3955","20210803231305"
"347","進藤満尾","1274038","","7622","20220423055508"
"348","内山正幸","1274156","","5847","20220214183110"
"349","合田経郎","1274182","","2002","20220207125936"
"350","山下敏成","1282555","","8163","20220326191224"
"351","藤岡真紀","1282979","","6747","20210917044527"
"352","足立慎吾","1283320","","10700","20220308071833"
"353","寺岡賢司","1286235","","9981","20211107014755"
"354","神谷ろん","1301816","","4861","20210803231835"
"355","碇谷敦","1318629","","8435","20220306142339"
"356","石原満","1320084","","7184","20220330041508"
"357","細田直人","1320093","","11041","20220429151402"
"358","赤井俊文","1320172","","8455","20220323050033"
"359","音地正行","1322942","","6336","20220313144213"
"360","西井正典","1325993","","6034","20210325153230"
"361","渡辺伸弘","1326464","","1400","20210328084055"
"362","山下明彦","1326680","","17558","20211115150132"
"363","堀内博之","1326987","","11864","20220327161835"
"364","小沼克介","1332383","","3569","20211028225124"
"365","羽山淳一","1332723","","9738","20220416014023"
"366","高岡淳一","1336436","","8924","20220108095955"
"367","夏目真悟","1341543","","4634","20220403230635"
"368","米川功真","1345835","","1697","20210328082610"
"369","小笠原篤","1350603","","4750","20220424114106"
"370","岡迫亘弘","1352865","","8201","20211218155834"
"371","白土武","1354570","","6563","20220110175942"
"372","光延博愛","1355296","","1969","20211215063708"
"373","西城隆詞","1357111","","10964","20220221161712"
"374","平田智浩","1360054","","5407","20210803233206"
"375","丹内司","1365544","","6220","20220323160937"
"376","富沢信雄","1365601","","6147","20220425083728"
"377","鍋島修","1365630","","9066","20220327131054"
"378","亀垣一","1365645","","9112","20220122161229"
"379","古瀬登","1366031","","5655","20220221142942"
"380","西村貴世","1366710","","5005","20210325153726"
"381","クニトシロウ","1371215","","1728","20210803233321"
"382","百瀬義行","1371345","","10849","20220419114501"
"383","加々美高浩","1385337","","9822","20220406145440"
"384","川島彰","1408879","","3721","20220502045542"
"385","石原恵治","1415301","","7742","20210803234238"
"386","大城勝","1427330","","7997","20220305013730"
"387","小林利充","1427809","","18715","20220310121325"
"388","高橋丈夫","1430962","","5381","20220222134002"
"389","久里洋二","1431298","","17846","20210825101133"
"390","山下喜光","1433055","","3614","20220329084322"
"391","そ〜とめこういちろう","1435056","","5315","20210803234703"
"392","大西陽一","1438807","","4255","20220415161402"
"393","亀井幹太","1439334","","7827","20220429154333"
"394","山口智_(アニメーター)","1442469","","5183","20220226160527"
"395","西村緋祿司","1442612","","7213","20220306031516"
"396","野田康行","1448959","","10618","20220318170740"
"397","田中達也_(アニメーター)","1449245","","3877","20211107133604"
"398","興村忠美","1451653","","7883","20220409102645"
"399","一川孝久","1453529","","7328","20211124160013"
"400","葛岡博","1454336","","6440","20220218073632"
"401","工藤裕加","1454379","","8033","20211214144223"
"402","藤田宗克","1457756","","2192","20210325232911"
"403","島村秀一","1459828","","6672","20210803235210"
"404","小川完","1471566","","4418","20210917035420"
"405","田山真美人","1473442","","1359","20210803235440"
"406","川口敬一郎","1473780","","18338","20220430083946"
"407","中澤勇一","1479027","","21702","20220413120956"
"408","山口泰弘","1494207","","2874","20220108161833"
"409","長濱博史","1494885","","8109","20210803235840"
"410","加藤久仁生","1496355","","6102","20220424013607"
"411","春日森春木","1498234","","7522","20220116134619"
"412","なぐも。","1505337","","3200","20210525134357"
"413","宝谷幸稔","1506630","","3612","20210808043438"
"414","今泉賢一","1506757","","10425","20220428144513"
"415","辻野芳輝","1536377","","4137","20220323161019"
"416","腰繁男","1537859","","6580","20220219161043"
"417","丸山修二","1582481","","17806","20220416025848"
"418","伊東誠_(作画監督)","1585550","","3435","20210804001432"
"419","長崎健司","1590677","","3770","20220406021815"
"420","岩永悦宜","1602213","","6721","20220322141344"
"421","加藤寛崇","1613844","","3443","20210804002108"
"422","小島利明","1620211","","1720","20211230141936"
"423","堀内修_(アニメーター)","1624545","","5983","20210804002318"
"424","若林厚史","1630142","","5996","20220414185752"
"425","高橋英樹_(アニメーター)","1640099","","5147","20210528102358"
"426","山内則康","1652855","","13340","20220429160422"
"427","吉浦康裕","1658599","","15655","20220220220713"
"428","八木大","1660932","","1535","20210701183601"
"429","小森高博","1662426","","12569","20220125143208"
"430","飯島弘也","1669250","","7737","20220111132943"
"431","川崎逸朗","1670070","","13858","20220329040150"
"432","そえたかずひろ","1676745","","8166","20220326162538"
"433","友岡新平","1680764","","5835","20220210145449"
"434","後藤雅巳","1684153","","4994","20210804003648"
"435","かんざきひろ","1706787","","36498","20220123162848"
"436","西村誠芳","1715459","","4986","20220217195840"
"437","香川久","1717682","","12862","20220416015231"
"438","宮本貞雄","1728001","","7062","20220206141823"
"439","しんぼたくろう","1728946","","7849","20210923133449"
"440","森下博光","1728950","","2159","20210804004550"
"441","松川哲也","1728963","","1481","20210804004555"
"442","今泉良一","1728965","","758","20210804004600"
"443","つなきあき","1734562","","5785","20211006183212"
"444","爲我井克美","1741609","","5011","20220211051246"
"445","矢凪まさし","1744015","","4363","20210804004916"
"446","べんぴねこ","1744543","","12915","20220207105259"
"447","鳥羽聡","1759363","","4067","20220423145414"
"448","鈴木隆輔","1769215","","3940","20220223014425"
"449","高倉佳彦","1775453","","9875","20220303155145"
"450","金澤勝眞","1782382","","8344","20210715005205"
"451","福島喜晴","1785988","","2490","20211215173556"
"452","武田政次","1791042","","9093","20210806044400"
"453","ALIMO","1792678","","6236","20220426125515"
"454","中田正彦","1803892","","5231","20220302224410"
"455","下川凹天","1814549","","16698","20210826101350"
"456","大森英敏","1817429","","17207","20220319170432"
"457","有原誠治","1818607","","3674","20210804010517"
"458","竹内敦志","1827653","","9446","20220503070733"
"459","羽根章悦","1836730","","5572","20220107162412"
"460","青山浩行","1853814","","9547","20220323160007"
"461","尾崎和孝","1853820","","3052","20220206093628"
"462","藤田しげる","1853826","","3946","20211221022938"
"463","久高司郎","1854037","","7873","20210804011153"
"464","関崎高明","1856780","","15724","20220329055553"
"465","原憲一","1858312","","4258","20211226003342"
"466","高橋和徳","1860202","","6269","20220107195724"
"467","時永宜幸","1862615","","2945","20211025145609"
"468","小林一幸","1862746","","5486","20220208235551"
"469","石田慶一","1865700","","3518","20210825161343"
"470","森田和明","1869547","","12035","20220306130509"
"471","こかいゆうじ","1870605","","5145","20220223093653"
"472","松本剛彦","1872224","","6258","20210713094619"
"473","山根理宏","1877677","","12382","20220108174834"
"474","山下将仁","1884648","","9784","20220316184451"
"475","小原秀一","1885208","","4512","20211123075546"
"476","大橋学","1886127","","17872","20220416165219"
"477","三原三千夫","1890159","","9775","20220423133137"
"478","川口隆","1897615","","5954","20210804012036"
"479","佐々木政勝","1903730","","12931","20220309090745"
"480","鈴木雅也","1910550","","6372","20210727105443"
"481","まきだかずあき","1914401","","4540","20220318141250"
"482","田中将賀","1919514","","14297","20211226101619"
"483","田中直哉","1948471","","3949","20210430065929"
"484","紺野修司","1948824","","4798","20210314232619"
"485","米林宏昌","1958026","","12631","20220429170753"
"486","持永只仁","1966562","","11643","20210701081543"
"487","田中喜次","1966794","","5557","20210708075629"
"488","谷川一彦","1975497","","5887","20210317231111"
"489","浅野直之","1982748","","6713","20220220162733"
"490","樋口雅一","1993663","","7161","20211217075551"
"491","堀口忠彦","2000434","","5953","20211219003524"
"492","青木俊直","2020805","","9664","20210804124005"
"493","江面久","2027318","","9289","20220503070551"
"494","村田安司","2029014","","3980","20220413235201"
"495","加藤裕美","2046524","","5492","20220210160002"
"496","龍輪直征","2069861","","6949","20220426105702"
"497","ねこまたや","2092394","","4856","20210804020025"
"498","鈴木利正","2103488","","7622","20220403194354"
"499","上坪亮樹","2104870","","8263","20220430171212"
"500","杉山延寛","2110945","","3692","20220325013444"
"501","青山充","2114712","","18373","20220417092424"
"502","宮繁之","2130210","","10550","20211214163057"
"503","戸部敦夫","2134763","","6998","20220103161409"
"504","尾澤直志","2135836","","6693","20210804020806"
"505","正延宏三","2139092","","2607","20220212155258"
"506","中村和久","2141619","","5623","20220308102005"
"507","梅原隆弘","2147866","","5867","20210804021006"
"508","野火止用太","2152906","","1022","20220329000601"
"509","矢吹勉","2161608","","8425","20210328071652"
"510","飯村一夫","2167682","","6060","20210804021252"
"511","佐藤多恵子","2167689","","3282","20210804021301"
"512","平川哲生","2197767","","9945","20220324100640"
"513","越智一裕","2218962","","12314","20210727112726"
"514","加藤やすひさ","2234142","","6300","20211019184226"
"515","渡部隆","2236006","","13635","20220414143603"
"516","藤原良二","2253280","","8519","20210804022543"
"517","うめつゆきのり","2256335","","6686","20220123164503"
"518","Mebae","2263500","","6549","20210327234840"
"519","石田尚志","2270704","","3234","20211208063841"
"520","高橋晃_(アニメーター)","2271382","","12818","20220421094856"
"521","坂田理","2280858","","3904","20210316094019"
"522","富沢和雄","2281455","","5478","20220214011242"
"523","若林漢二","2283776","","5056","20220210035647"
"524","山田俊也","2289407","","11126","20220302224726"
"525","広岡トシヒト","2289408","","6852","20210325212202"
"526","渡辺浩二","2290757","","11641","20220319014449"
"527","松原徳弘","2290773","","7651","20220302224356"
"528","山本天志","2298548","","9038","20220423100021"
"529","又吉浩","2304581","","1436","20210804024033"
"530","鈴木信吾_(アニメーター)","2309107","","6386","20211106142001"
"531","安藤真裕","2311527","","9843","20220310100128"
"532","村野守美","2312498","","17673","20220424113536"
"533","波多正美","2312757","","11853","20220410154549"
"534","菊地康仁","2314066","","7288","20220311060317"
"535","石川雅一","2317056","","4891","20220323043806"
"536","長崎重信","2334194","","1965","20210611055912"
"537","中山大輔_(アーティスト)","2339854","","4554","20220226020542"
"538","小森秀人","2356042","","5767","20210804024919"
"539","芦野芳晴","2368475","","7524","20220301031647"
"540","島村達雄","2369399","","3604","20211108070646"
"541","前田昭","2371092","","2942","20211203234811"
"542","兵頭敬","2382437","","15480","20220403211230"
"543","川上哲也","2382726","","3357","20220429154451"
"544","かわむらあきお","2383388","","7385","20220423100209"
"545","稲垣隆行","2388447","","8621","20220318144539"
"546","岩瀧智","2398863","","6638","20220315082741"
"547","ムラオミノル","2401380","","2554","20210804131058"
"548","二村秀樹","2401707","","3534","20210325154100"
"549","糸島雅彦","2405621","","7399","20220219171554"
"550","林祐己","2435782","","7070","20210917040130"
"551","浅沼昭弘","2435805","","5177","20220227020510"
"552","越智博之","2437258","","4155","20210804030345"
"553","山本靖貴","2450014","","9784","20220408190043"
"554","加野晃","2453755","","16874","20220418183229"
"555","西見祥示郎","2459731","","5760","20210711124233"
"556","恩田尚之","2467406","","12089","20220501121525"
"557","ホッチカズヒロ","2489711","","6803","20211219010734"
"558","坂巻貞彦","2492413","","5457","20210806044458"
"559","武内宣之","2510122","","4393","20220327171039"
"560","板村智幸","2510323","","4677","20220325140802"
"561","小嶋伸介","2540518","","15382","20220405162435"
"562","平岡正幸","2548285","","8958","20220130020731"
"563","箕輪豊","2556626","","5169","20210820013735"
"564","武藤公春","2561926","","4597","20220219033136"
"565","尾崎真吾","2566012","","7703","20210409041243"
"566","山本早苗","2586376","","17991","20210820111636"
"567","北山清太郎","2587432","","12958","20210312144308"
"568","江口摩吏介","2602873","","6517","20210804132326"
"569","橋本満明","2606449","","4029","20210416092502"
"570","大石郁雄","2609904","","21660","20211215204839"
"571","峰岸裕和","2610244","","1517","20210327034258"
"572","杉谷光一","2625929","","6370","20210804032523"
"573","みやもと留美","2658193","","6829","20220503141701"
"574","木下としお","2669296","","12466","20220307232309"
"575","光山勝治","2688427","","2389","20210327033850"
"576","大井文雄","2690095","","4333","20211219004039"
"577","日向正樹","2691335","","5334","20220422173509"
"578","渡邊義弘_(アニメーター)","2701782","","5321","20211216092014"
"579","田中英二","2721943","","7522","20220130054639"
"580","金井喜一郎","2764975","","13955","20210317175343"
"581","荒木英樹","2768462","","8085","20220402165905"
"582","クリストフ・フェレラ","2781221","","2583","20210601183448"
"583","小倉信也","2785469","","4367","20210314074824"
"584","大倉雅彦","2785476","","2670","20210311112442"
"585","神戸洋行","2807477","","8064","20220325003113"
"586","新倉雅美","2820931","","22660","20220502094556"
"587","河口俊夫","2836516","","5966","20210314080808"
"588","名村英敏","2848674","","9823","20220108100023"
"589","酒井啓史","2852536","","9506","20220108165939"
"590","白六郎","2854501","","3287","20210804040711"
"591","赤城博昭","2856280","","6085","20220222114151"
"592","石立太一","2858176","","10139","20220419170943"
"593","杉本功","2858874","","10486","20210804134541"
"594","西尾公伯","2862395","","9006","20211209124932"
"595","佐藤和巳","2864467","","7000","20220414155219"
"596","深沢幸司","2865317","","6512","20211008134426"
"597","田口広一","2869215","","6169","20210804041036"
"598","中野悟史","2869272","","4773","20220304183704"
"599","鈴木勤_(アニメーター)","2872841","","1592","20210804041116"
"600","大橋俊明","2874712","","3445","20210804041211"
"601","小林勝利","2876243","","8467","20220212152316"
"602","野口孝行","2876608","","12491","20220430162725"
"603","渡辺正彦","2876750","","8100","20211106160038"
"604","沢田正人","2877835","","6047","20210316094629"
"605","新田典生","2877873","","6674","20220225175345"
"606","池田裕治","2878365","","8480","20220415163749"
"607","増田敏彦","2884161","","27764","20220403083015"
"608","笹木信作","2885364","","7090","20220106185206"
"609","稲村武志","2886050","","2919","20220502134308"
"610","水江未来","2886697","","25698","20220501021629"
"611","田辺修_(アニメーター)","2887812","","18306","20211210101421"
"612","小倉陳利","2888624","","4223","20211105092831"
"613","奥村正志","2890992","","4968","20220323170719"
"614","小美野雅彦","2891244","","5984","20220330035320"
"615","井関修一","2891246","","3424","20220323163929"
"616","東海林康和","2892596","","5290","20220302224641"
"617","むらた雅彦","2893202","","8534","20220413175057"
"618","山下宏幸","2896347","","2419","20220420180419"
"619","奈須川充","2897401","","9933","20220320141426"
"620","甲田正行","2900969","","2985","20210314232812"
"621","サトウシンジ","2901422","","6766","20220429172442"
"622","肥塚正史","2901423","","2792","20210314233049"
"623","佐藤雅将","2902455","","8651","20220329132425"
"624","笹嶋啓一","2902859","","4289","20210825151950"
"625","石倉賢一","2910278","","4594","20210804042318"
"626","西川貴史","2910389","","9414","20220419074807"
"627","角田紘一","2921745","","6072","20211122150846"
"628","古川英樹","2926087","","9736","20220425121013"
"629","渡辺純央","2945357","","6787","20211031005934"
"630","丸山宏一","2952567","","8247","20211119032411"
"631","伊東伸高","2953253","","12566","20210611160123"
"632","林直孝_(アニメ演出家)","2956121","","5674","20220504151658"
"633","別所誠人","2956122","","5565","20220221160959"
"634","横山彰利","2956490","","10519","20220412165555"
"635","大杉宜弘","2959928","","12180","20220302220211"
"636","松尾祐輔","2972579","","6088","20220415151017"
"637","岡野正広","2985403","","4911","20211219011405"
"638","渡部英雄","2999823","","9859","20220501200740"
"639","宮本浩史","3010817","","6001","20220403035552"
"640","橘正紀","3019274","","6208","20220327001404"
"641","田中ちゆき","3029417","","12055","20211030054031"
"642","大木賢一","3033875","","6792","20220429125759"
"643","平山英嗣","3039141","","4952","20220317153456"
"644","直井正博","3052003","","4246","20211114004953"
"645","パロ穂積","3059377","","5414","20211211175738"
"646","大隈孝晴","3063981","","4049","20220425002405"
"647","浜津守","3067899","","3121","20210325211229"
"648","佐々木啓悟","3068156","","8601","20220219195659"
"649","浅野恭司","3082946","","15824","20220502114143"
"650","亀田祥倫","3089055","","8648","20220412061032"
"651","本間晃","3102435","","2910","20220323165634"
"652","小塚憲夫","3117141","","2130","20210314075407"
"653","天衝_(アニメ演出家)","3118235","","11798","20220227111940"
"654","塩谷直義","3118921","","5255","20210404204539"
"655","雨宮哲","3119505","","9610","20220412164228"
"656","芳垣祐介","3123599","","6599","20220417193426"
"657","早乙女啓","3124388","","8340","20220421133105"
"658","堀内隆_(アニメーター)","3128317","","6712","20210827123135"
"659","道解慎太郎","3129129","","5560","20210804052344"
"660","川又浩","3136964","","3075","20210314080835"
"661","大塚伸治","3148237","","5875","20211026001829"
"662","若林広海","3155045","","4349","20210328084220"
"663","志田直俊","3187072","","10611","20220429061316"
"664","濱洲英喜","3187167","","9821","20210926065714"
"665","山川吉樹","3207266","","6181","20220222161251"
"666","金子良馬","3241817","","7463","20210314075910"
"667","若井丈児","3250503","","2506","20210804054055"
"668","西屋太志","3264866","","14384","20220418194615"
"669","小堤一明","3285491","","10440","20211219004633"
"670","石井明治","3285536","","4565","20220218192701"
"671","大久保徹","3285542","","2176","20210311112608"
"672","牧原亮太郎","3295267","","7146","20211109031601"
"673","阿部恒","3304228","","7220","20220416063650"
"674","稲葉卓也","3311369","","2682","20210410014548"
"675","原勝徳","3317355","","12142","20220423133646"
"676","樋口善法","3320165","","5769","20220403164308"
"677","丸藤広貴","3340694","","9967","20220424165804"
"678","満仲勧","3378792","","9877","20220420163441"
"679","江畑諒真","3386567","","5005","20220308071757"
"680","岸本誠司","3389869","","3552","20220329081712"
"681","藤原佳幸","3389889","","4174","20220325002857"
"682","藤川太_(アニメーター)","3406246","","2478","20210325232604"
"683","渡辺あきお","3413852","","2734","20220428151335"
"684","田中雄一_(アニメーター)","3414976","","8972","20220416071243"
"685","須藤友徳","3448032","","16653","20220306130918"
"686","高瀬智章","3448781","","5378","20220405182553"
"687","木村泰大","3448894","","4651","20220320021828"
"688","野中卓也","3450847","","7931","20220302130035"
"689","三浦貴博","3451028","","10383","20220319161350"
"690","高橋タクロヲ","3451082","","7495","20210317224522"
"691","及川啓","3455954","","11300","20220503001554"
"692","清水健一","3461451","","10596","20211023174512"
"693","ひらのりょう","3476962","","2643","20220209095944"
"694","白石達也","3498625","","5134","20220402174055"
"695","大宮一仁","3502825","","3474","20220415161846"
"696","高嶋友也","3520339","","3673","20210821011353"
"697","外崎春雄","3526739","","19797","20220408123237"
"698","松島晃","3526740","","15877","20220217095859"
"699","山田正樹","3535231","","5821","20220222162147"
"700","白井俊行","3538437","","9857","20220217100539"
"701","川崎博嗣","3567017","","4653","20210804064124"
"702","山森英司","3588435","","2926","20210804150940"
"703","折笠良","3593060","","1896","20220401194942"
"704","平良哲朗","3622101","","2198","20211030175843"
"705","前屋俊広","3622133","","2502","20220420152305"
"706","竹下良平","3629172","","6112","20220413173649"
"707","押山清高","3629605","","10419","20220326155806"
"708","野口征恒","3632148","","6081","20211208113843"
"709","文原聡","3689654","","1682","20210325232813"
"710","山下諒","3726334","","11273","20210809131640"
"711","キューライス","3754015","","9790","20220121103155"
"712","清山滋崇","3767407","","9131","20220206191326"
"713","片塰満則","3768780","","9369","20220325064101"
"714","村田四郎_(アニメーター)","3784924","","6170","20210820145938"
"715","サムライ・マサ","3789025","","13465","20220430235648"
"716","塚原重義","3791646","","23900","20220502130531"
"717","佐藤正樹","3799180","","8406","20220226045610"
"718","室田雄平","3812943","","6878","20220409184520"
"719","才田俊次","3820032","","1667","20210314233719"
"720","横手博人","3833898","","599","20210328080116"
"721","野村辰寿","3834315","","3797","20210526134316"
"722","米正万也","3834348","","3246","20210328082948"
"723","相原信洋","3836340","","4456","20210328085340"
"724","谷口淳一郎","3860730","","14579","20220325003010"
"725","新井陽次郎","3862447","","5019","20220418093049"
"726","野村和也","3866889","","12086","20220306133654"
"727","栖原隆史","3870950","","9510","20220217100302"
"728","仲井陽","3874137","","5961","20210503155938"
"729","滝口禎一","3906450","","10883","20220420161801"
"730","沓名健一","3910062","","2841","20210328000749"
"731","石倉礼","3919051","","4327","20220217170357"
"732","小原正至","3924501","","3437","20220428051132"
"733","新井浩一","3939119","","14475","20211011043814"
"734","寺尾優一","3955171","","13903","20220211163240"
"735","神谷純","3976456","","6830","20220409105027"
"736","小船井充","3986145","","12536","20211213021313"
"737","國弘昌之","3991160","","8789","20220222172437"
"738","木村豪","3993773","","11967","20220323160432"
"739","木村白山","3996834","","13673","20220403164712"
"740","タカハシアキラ","3998620","","5869","20220323160759"
"741","山内昇寿郎","4027220","","1331","20220323161523"
"742","宇佐美皓一","4036506","","21139","20220426010920"
"743","安田周平","4070442","","4083","20210804083428"
"744","宮原直樹","4073259","","8081","20220207193806"
"745","吾奏伸","4084575","","8880","20220131085110"
"746","霜山朋久","4111466","","6795","20220222100454"
"747","大湊良蔵","4146640","","1811","20211229001055"
"748","依田伸隆","4177961","","26628","20220116104335"
"749","山本道隆","4220580","","3153","20220319023608"
"750","酒井澄","4231444","","1669","20210804171521"
"751","はせがわゆうじ","4246922","","5674","20220430042752"
"752","アダチマサヒコ","4252365","","1451","20211228235035"
"753","坂井治","4252407","","1765","20220424040247"
"754","福島治_(アニメーター)","4252766","","3967","20220123034557"
"755","加藤晃_(絵本作家)","4253320","","3138","20220428151912"
"756","菅原正_(イラストレーター)","4257156","","1226","20211229042518"
"757","坂本サク","4257439","","2284","20211219012557"
"758","中西隆三","4258764","","5388","20220325122549"
"759","倉橋達治","4263482","","2021","20211017025513"
"760","松本弘_(アニメーター)","4263507","","1082","20211219013408"
"761","塩田雅紀","4266293","","1136","20210804093243"
"762","大桃洋祐","4266321","","1968","20220306051316"
"763","助川勇太","4266336","","1707","20220202072001"
"764","青木純","4266384","","2206","20211208062022"
"765","鈴木欽一郎","4266556","","1207","20211010020515"
"766","毛利厚","4266670","","3344","20210904053448"
"767","竹口義之","4266687","","1461","20211107092848"
"768","杉本晃佑","4270397","","1383","20211219012919"
"769","M7kenji","4276807","","4167","20220208141037"
"770","杉﨑貴史","4276854","","1380","20220402135104"
"771","長井勝見","4276985","","1106","20220305234506"
"772","見米豊","4277372","","1129","20210804093633"
"773","ほんだゆきお","4277417","","1596","20220219210805"
"774","菊田武勝","4281567","","933","20210409024242"
"775","森江康太","4293676","","22352","20220313161955"
"776","半崎信朗","4297508","","3432","20211229134704"
"777","土田ひろゆき","4297515","","2376","20210313084209"
"778","細川晋","4298300","","935","20210804093958"
"779","佐藤照雄","4300385","","5426","20220218170601"
"780","鈴木哲_(イラストレーター)","4302688","","1740","20220430074208"
"781","岡田誠司_(イラストレーター)","4308613","","841","20210923022317"
"782","長尾智一郎","4324059","","960","20210904054311"
"783","細谷秋夫","4328057","","1030","20210926044042"
"784","須田英和","4328504","","1875","20210922041514"
"785","青木よしお","4328507","","982","20211208062137"
"786","田端良平","4328532","","1025","20210804094519"
"787","鈴木康彦","4328558","","2272","20220425151308"
"788","三浦義和_(アニメーター)","4328574","","982","20210804094529"
"789","川上学","4328576","","943","20210804094534"
"790","加賀遼也","4328585","","1250","20220213072311"
"791","大橋弘典","4328620","","1057","20210904060815"
"792","小森よしひろ","4328660","","877","20211002151112"
"793","きのしたがく","4328689","","1105","20210920040045"
"794","加茂正則","4328702","","957","20210804094614"
"795","仲澤崇仁","4328783","","995","20210804094619"
"796","飯田力","4329295","","1111","20220219035012"
"797","中原収一","4329344","","4073","20220103072800"
"798","小野修_(イラストレーター)","4346026","","906","20210409094014"
"799","柳瀬譲二","4347166","","1029","20210804094904"
"800","川越淳","4355487","","9975","20220404140927"
"801","信田ユウ","4366195","","13724","20220417113635"
"802","渡辺三千成","4404398","","1570","20220320022111"
"803","姫田真武","4407640","","980","20220108085027"
"804","森野和馬","4429642","","1095","20210808103848"
"805","小澤雅夫","4429667","","733","20210809035108"
"806","酒井伸次","4445848","","840","20210904081354"
"807","ユージン_(映像作家)","4451063","","4252","20220402070850"
"808","大橋史","4466062","","851","20211211105058"
"809","名取祐一郎","4466097","","717","20211010064517"
"810","澤田裕太郎","4466108","","800","20211010071335"
"811","斉藤健吾","4476065","","8589","20220222183814"
"812","廣安正敬","4489096","","738","20211122113925"
"813","森川耕平","4500105","","771","20220212013850"
"814","遊佐かずしげ","4500107","","922","20211211130023"
"815","太田博光","4506643","","11179","20220217180813"
"816","高倉武史","4530290","","11140","20220503130301"
"817","横田拓己","4543243","","8722","20220418052120"