代表的なアニメ作品名,アニメシリーズID,放送年,初放送日,合計話数
クレヨンしんちゃん,C1327,1992,1992-04-13,106
クレヨンしんちゃん,C1327,1993,1992-04-13,159
クレヨンしんちゃん,C1327,1994,1992-04-13,158
クレヨンしんちゃん,C1327,1995,1992-04-13,156
クレヨンしんちゃん,C1327,1996,1992-04-13,142
クレヨンしんちゃん,C1327,1997,1992-04-13,159
クレヨンしんちゃん,C1327,1998,1992-04-13,153
クレヨンしんちゃん,C1327,1999,1992-04-13,133
クレヨンしんちゃん,C1327,2000,1992-04-13,41
クレヨンしんちゃん,C1327,2001,1992-04-13,44
クレヨンしんちゃん,C1327,2002,1992-04-13,39
クレヨンしんちゃん,C1327,2003,1992-04-13,36
クレヨンしんちゃん,C1327,2004,1992-04-13,32
クレヨンしんちゃん,C1327,2005,1992-04-13,39
クレヨンしんちゃん,C1327,2006,1992-04-13,41
クレヨンしんちゃん,C1327,2007,1992-04-13,33
クレヨンしんちゃん,C1327,2008,1992-04-13,40
クレヨンしんちゃん,C1327,2009,1992-04-13,37
クレヨンしんちゃん,C1327,2010,1992-04-13,36
クレヨンしんちゃん,C1327,2011,1992-04-13,38
クレヨンしんちゃん,C1327,2012,1992-04-13,36
クレヨンしんちゃん,C1327,2013,1992-04-13,32
クレヨンしんちゃん,C1327,2014,1992-04-13,63
クレヨンしんちゃん,C1327,2015,1992-04-13,70
クレヨンしんちゃん,C1327,2016,1992-04-13,103
クレヨンしんちゃん,C1327,2017,1992-04-13,0
忍たま 乱太郎［第1期］,C1462,1992,1993-04-10,0
忍たま 乱太郎［第1期］,C1462,1993,1993-04-10,77
忍たま 乱太郎［第1期］,C1462,1994,1993-04-10,83
忍たま 乱太郎［第1期］,C1462,1995,1993-04-10,120
忍たま 乱太郎［第1期］,C1462,1996,1993-04-10,175
忍たま 乱太郎［第1期］,C1462,1997,1993-04-10,62
忍たま 乱太郎［第1期］,C1462,1998,1993-04-10,98
忍たま 乱太郎［第1期］,C1462,1999,1993-04-10,81
忍たま 乱太郎［第1期］,C1462,2000,1993-04-10,84
忍たま 乱太郎［第1期］,C1462,2001,1993-04-10,83
忍たま 乱太郎［第1期］,C1462,2002,1993-04-10,82
忍たま 乱太郎［第1期］,C1462,2003,1993-04-10,82
忍たま 乱太郎［第1期］,C1462,2004,1993-04-10,83
忍たま 乱太郎［第1期］,C1462,2005,1993-04-10,58
忍たま 乱太郎［第1期］,C1462,2006,1993-04-10,50
忍たま 乱太郎［第1期］,C1462,2007,1993-04-10,53
忍たま 乱太郎［第1期］,C1462,2008,1993-04-10,100
忍たま 乱太郎［第1期］,C1462,2009,1993-04-10,90
忍たま 乱太郎［第1期］,C1462,2010,1993-04-10,90
忍たま 乱太郎［第1期］,C1462,2011,1993-04-10,90
忍たま 乱太郎［第1期］,C1462,2012,1993-04-10,90
忍たま 乱太郎［第1期］,C1462,2013,1993-04-10,76
忍たま 乱太郎［第1期］,C1462,2014,1993-04-10,70
忍たま 乱太郎［第1期］,C1462,2015,1993-04-10,70
忍たま 乱太郎［第1期］,C1462,2016,1993-04-10,77
忍たま 乱太郎［第1期］,C1462,2017,1993-04-10,60
しましまとらの しまじろう,C1497,1992,1993-12-13,0
しましまとらの しまじろう,C1497,1993,1993-12-13,4
しましまとらの しまじろう,C1497,1994,1993-12-13,100
しましまとらの しまじろう,C1497,1995,1993-12-13,100
しましまとらの しまじろう,C1497,1996,1993-12-13,100
しましまとらの しまじろう,C1497,1997,1993-12-13,22
しましまとらの しまじろう,C1497,1998,1993-12-13,0
しましまとらの しまじろう,C1497,1999,1993-12-13,4
しましまとらの しまじろう,C1497,2000,1993-12-13,51
しましまとらの しまじろう,C1497,2001,1993-12-13,51
しましまとらの しまじろう,C1497,2002,1993-12-13,50
しましまとらの しまじろう,C1497,2003,1993-12-13,51
しましまとらの しまじろう,C1497,2004,1993-12-13,53
しましまとらの しまじろう,C1497,2005,1993-12-13,51
しましまとらの しまじろう,C1497,2006,1993-12-13,51
しましまとらの しまじろう,C1497,2007,1993-12-13,50
しましまとらの しまじろう,C1497,2008,1993-12-13,51
しましまとらの しまじろう,C1497,2009,1993-12-13,57
しましまとらの しまじろう,C1497,2010,1993-12-13,55
しましまとらの しまじろう,C1497,2011,1993-12-13,51
しましまとらの しまじろう,C1497,2012,1993-12-13,51
しましまとらの しまじろう,C1497,2013,1993-12-13,50
しましまとらの しまじろう,C1497,2014,1993-12-13,51
しましまとらの しまじろう,C1497,2015,1993-12-13,52
しましまとらの しまじろう,C1497,2016,1993-12-13,51
しましまとらの しまじろう,C1497,2017,1993-12-13,0
遊☆戯☆王,C2116,1992,1998-04-04,0
遊☆戯☆王,C2116,1993,1998-04-04,0
遊☆戯☆王,C2116,1994,1998-04-04,0
遊☆戯☆王,C2116,1995,1998-04-04,0
遊☆戯☆王,C2116,1996,1998-04-04,0
遊☆戯☆王,C2116,1997,1998-04-04,0
遊☆戯☆王,C2116,1998,1998-04-04,27
遊☆戯☆王,C2116,1999,1998-04-04,0
遊☆戯☆王,C2116,2000,1998-04-04,37
遊☆戯☆王,C2116,2001,1998-04-04,53
遊☆戯☆王,C2116,2002,1998-04-04,51
遊☆戯☆王,C2116,2003,1998-04-04,47
遊☆戯☆王,C2116,2004,1998-04-04,52
遊☆戯☆王,C2116,2005,1998-04-04,52
遊☆戯☆王,C2116,2006,1998-04-04,51
遊☆戯☆王,C2116,2007,1998-04-04,51
遊☆戯☆王,C2116,2008,1998-04-04,52
遊☆戯☆王,C2116,2009,1998-04-04,51
遊☆戯☆王,C2116,2010,1998-04-04,51
遊☆戯☆王,C2116,2011,1998-04-04,53
遊☆戯☆王,C2116,2012,1998-04-04,50
遊☆戯☆王,C2116,2013,1998-04-04,52
遊☆戯☆王,C2116,2014,1998-04-04,49
遊☆戯☆王,C2116,2015,1998-04-04,50
遊☆戯☆王,C2116,2016,1998-04-04,49
遊☆戯☆王,C2116,2017,1998-04-04,42
おじゃる丸,C2158,1992,1998-10-05,0
おじゃる丸,C2158,1993,1998-10-05,0
おじゃる丸,C2158,1994,1998-10-05,0
おじゃる丸,C2158,1995,1998-10-05,0
おじゃる丸,C2158,1996,1998-10-05,0
おじゃる丸,C2158,1997,1998-10-05,0
おじゃる丸,C2158,1998,1998-10-05,63
おじゃる丸,C2158,1999,1998-10-05,117
おじゃる丸,C2158,2000,1998-10-05,90
おじゃる丸,C2158,2001,1998-10-05,90
おじゃる丸,C2158,2002,1998-10-05,90
おじゃる丸,C2158,2003,1998-10-05,90
おじゃる丸,C2158,2004,1998-10-05,90
おじゃる丸,C2158,2005,1998-10-05,90
おじゃる丸,C2158,2006,1998-10-05,90
おじゃる丸,C2158,2007,1998-10-05,91
おじゃる丸,C2158,2008,1998-10-05,90
おじゃる丸,C2158,2009,1998-10-05,79
おじゃる丸,C2158,2010,1998-10-05,101
おじゃる丸,C2158,2011,1998-10-05,88
おじゃる丸,C2158,2012,1998-10-05,91
おじゃる丸,C2158,2013,1998-10-05,70
おじゃる丸,C2158,2014,1998-10-05,70
おじゃる丸,C2158,2015,1998-10-05,63
おじゃる丸,C2158,2016,1998-10-05,66
おじゃる丸,C2158,2017,1998-10-05,34
ONE PIECE,C2309,1992,1999-10-20,0
ONE PIECE,C2309,1993,1999-10-20,0
ONE PIECE,C2309,1994,1999-10-20,0
ONE PIECE,C2309,1995,1999-10-20,0
ONE PIECE,C2309,1996,1999-10-20,0
ONE PIECE,C2309,1997,1999-10-20,0
ONE PIECE,C2309,1998,1999-10-20,0
ONE PIECE,C2309,1999,1999-10-20,9
ONE PIECE,C2309,2000,1999-10-20,45
ONE PIECE,C2309,2001,1999-10-20,42
ONE PIECE,C2309,2002,1999-10-20,44
ONE PIECE,C2309,2003,1999-10-20,40
ONE PIECE,C2309,2004,1999-10-20,39
ONE PIECE,C2309,2005,1999-10-20,41
ONE PIECE,C2309,2006,1999-10-20,40
ONE PIECE,C2309,2007,1999-10-20,45
ONE PIECE,C2309,2008,1999-10-20,47
ONE PIECE,C2309,2009,1999-10-20,49
ONE PIECE,C2309,2010,1999-10-20,49
ONE PIECE,C2309,2011,1999-10-20,48
ONE PIECE,C2309,2012,1999-10-20,52
ONE PIECE,C2309,2013,1999-10-20,49
ONE PIECE,C2309,2014,1999-10-20,50
ONE PIECE,C2309,2015,1999-10-20,49
ONE PIECE,C2309,2016,1999-10-20,46
ONE PIECE,C2309,2017,1999-10-20,0
親子クラブ,C1640,1992,1999-12-02,0
ポケットモンスター,C1985,1992,1999-12-02,0
親子クラブ,C1640,1993,1999-12-02,0
ポケットモンスター,C1985,1993,1999-12-02,0
親子クラブ,C1640,1994,1999-12-02,0
ポケットモンスター,C1985,1994,1999-12-02,0
親子クラブ,C1640,1995,1999-12-02,0
ポケットモンスター,C1985,1995,1999-12-02,0
親子クラブ,C1640,1996,1999-12-02,0
ポケットモンスター,C1985,1996,1999-12-02,0
親子クラブ,C1640,1997,1999-12-02,0
ポケットモンスター,C1985,1997,1999-12-02,0
親子クラブ,C1640,1998,1999-12-02,0
ポケットモンスター,C1985,1998,1999-12-02,0
親子クラブ,C1640,1999,1999-12-02,8
ポケットモンスター,C1985,1999,1999-12-02,4
親子クラブ,C1640,2000,1999-12-02,98
ポケットモンスター,C1985,2000,1999-12-02,54
親子クラブ,C1640,2001,1999-12-02,93
ポケットモンスター,C1985,2001,1999-12-02,52
親子クラブ,C1640,2002,1999-12-02,90
ポケットモンスター,C1985,2002,1999-12-02,54
親子クラブ,C1640,2003,1999-12-02,99
ポケットモンスター,C1985,2003,1999-12-02,60
親子クラブ,C1640,2004,1999-12-02,104
ポケットモンスター,C1985,2004,1999-12-02,55
親子クラブ,C1640,2005,1999-12-02,102
ポケットモンスター,C1985,2005,1999-12-02,49
親子クラブ,C1640,2006,1999-12-02,108
ポケットモンスター,C1985,2006,1999-12-02,48
親子クラブ,C1640,2007,1999-12-02,94
ポケットモンスター,C1985,2007,1999-12-02,48
親子クラブ,C1640,2008,1999-12-02,105
ポケットモンスター,C1985,2008,1999-12-02,47
親子クラブ,C1640,2009,1999-12-02,103
ポケットモンスター,C1985,2009,1999-12-02,49
親子クラブ,C1640,2010,1999-12-02,99
ポケットモンスター,C1985,2010,1999-12-02,50
親子クラブ,C1640,2011,1999-12-02,100
ポケットモンスター,C1985,2011,1999-12-02,48
親子クラブ,C1640,2012,1999-12-02,108
ポケットモンスター,C1985,2012,1999-12-02,48
親子クラブ,C1640,2013,1999-12-02,52
ポケットモンスター,C1985,2013,1999-12-02,56
ポケットモンスター,C1985,2014,1999-12-02,44
親子クラブ,C1640,2014,1999-12-02,0
ポケットモンスター,C1985,2015,1999-12-02,49
親子クラブ,C1640,2015,1999-12-02,0
ポケットモンスター,C1985,2016,1999-12-02,47
親子クラブ,C1640,2016,1999-12-02,0
親子クラブ,C1640,2017,1999-12-02,0
ポケットモンスター,C1985,2017,1999-12-02,0
それいけ！アンパンマン,C7048,1992,1999-12-03,0
それいけ！アンパンマン,C7048,1993,1999-12-03,0
それいけ！アンパンマン,C7048,1994,1999-12-03,0
それいけ！アンパンマン,C7048,1995,1999-12-03,0
それいけ！アンパンマン,C7048,1996,1999-12-03,0
それいけ！アンパンマン,C7048,1997,1999-12-03,0
それいけ！アンパンマン,C7048,1998,1999-12-03,0
それいけ！アンパンマン,C7048,1999,1999-12-03,3
それいけ！アンパンマン,C7048,2000,1999-12-03,46
それいけ！アンパンマン,C7048,2001,1999-12-03,48
それいけ！アンパンマン,C7048,2002,1999-12-03,49
それいけ！アンパンマン,C7048,2003,1999-12-03,48
それいけ！アンパンマン,C7048,2004,1999-12-03,47
それいけ！アンパンマン,C7048,2005,1999-12-03,47
それいけ！アンパンマン,C7048,2006,1999-12-03,47
それいけ！アンパンマン,C7048,2007,1999-12-03,50
それいけ！アンパンマン,C7048,2008,1999-12-03,50
それいけ！アンパンマン,C7048,2009,1999-12-03,49
それいけ！アンパンマン,C7048,2010,1999-12-03,48
それいけ！アンパンマン,C7048,2011,1999-12-03,54
それいけ！アンパンマン,C7048,2012,1999-12-03,46
それいけ！アンパンマン,C7048,2013,1999-12-03,50
それいけ！アンパンマン,C7048,2014,1999-12-03,92
それいけ！アンパンマン,C7048,2015,1999-12-03,95
それいけ！アンパンマン,C7048,2016,1999-12-03,89
それいけ！アンパンマン,C7048,2017,1999-12-03,0
ちびまる子ちゃん［新］,C1022,1992,1999-12-05,0
サザエさん,C1945,1992,1999-12-05,0
ちびまる子ちゃん［新］,C1022,1993,1999-12-05,0
サザエさん,C1945,1993,1999-12-05,0
ちびまる子ちゃん［新］,C1022,1994,1999-12-05,0
サザエさん,C1945,1994,1999-12-05,0
ちびまる子ちゃん［新］,C1022,1995,1999-12-05,0
サザエさん,C1945,1995,1999-12-05,0
ちびまる子ちゃん［新］,C1022,1996,1999-12-05,0
サザエさん,C1945,1996,1999-12-05,0
ちびまる子ちゃん［新］,C1022,1997,1999-12-05,0
サザエさん,C1945,1997,1999-12-05,0
ちびまる子ちゃん［新］,C1022,1998,1999-12-05,0
サザエさん,C1945,1998,1999-12-05,0
ちびまる子ちゃん［新］,C1022,1999,1999-12-05,3
サザエさん,C1945,1999,1999-12-05,5
ちびまる子ちゃん［新］,C1022,2000,1999-12-05,52
サザエさん,C1945,2000,1999-12-05,52
ちびまる子ちゃん［新］,C1022,2001,1999-12-05,51
サザエさん,C1945,2001,1999-12-05,51
ちびまる子ちゃん［新］,C1022,2002,1999-12-05,51
サザエさん,C1945,2002,1999-12-05,50
ちびまる子ちゃん［新］,C1022,2003,1999-12-05,52
サザエさん,C1945,2003,1999-12-05,50
ちびまる子ちゃん［新］,C1022,2004,1999-12-05,48
サザエさん,C1945,2004,1999-12-05,49
ちびまる子ちゃん［新］,C1022,2005,1999-12-05,50
サザエさん,C1945,2005,1999-12-05,49
ちびまる子ちゃん［新］,C1022,2006,1999-12-05,49
サザエさん,C1945,2006,1999-12-05,51
ちびまる子ちゃん［新］,C1022,2007,1999-12-05,50
サザエさん,C1945,2007,1999-12-05,51
ちびまる子ちゃん［新］,C1022,2008,1999-12-05,50
サザエさん,C1945,2008,1999-12-05,51
ちびまる子ちゃん［新］,C1022,2009,1999-12-05,50
サザエさん,C1945,2009,1999-12-05,49
ちびまる子ちゃん［新］,C1022,2010,1999-12-05,48
サザエさん,C1945,2010,1999-12-05,49
ちびまる子ちゃん［新］,C1022,2011,1999-12-05,51
サザエさん,C1945,2011,1999-12-05,51
ちびまる子ちゃん［新］,C1022,2012,1999-12-05,48
サザエさん,C1945,2012,1999-12-05,49
ちびまる子ちゃん［新］,C1022,2013,1999-12-05,55
サザエさん,C1945,2013,1999-12-05,58
ちびまる子ちゃん［新］,C1022,2014,1999-12-05,93
サザエさん,C1945,2014,1999-12-05,155
ちびまる子ちゃん［新］,C1022,2015,1999-12-05,100
サザエさん,C1945,2015,1999-12-05,150
ちびまる子ちゃん［新］,C1022,2016,1999-12-05,93
サザエさん,C1945,2016,1999-12-05,155
ちびまる子ちゃん［新］,C1022,2017,1999-12-05,0
サザエさん,C1945,2017,1999-12-05,0
名探偵コナン,C1849,1992,1999-12-06,0
名探偵コナン,C1849,1993,1999-12-06,0
名探偵コナン,C1849,1994,1999-12-06,0
名探偵コナン,C1849,1995,1999-12-06,0
名探偵コナン,C1849,1996,1999-12-06,0
名探偵コナン,C1849,1997,1999-12-06,0
名探偵コナン,C1849,1998,1999-12-06,0
名探偵コナン,C1849,1999,1999-12-06,3
名探偵コナン,C1849,2000,1999-12-06,45
名探偵コナン,C1849,2001,1999-12-06,45
名探偵コナン,C1849,2002,1999-12-06,41
名探偵コナン,C1849,2003,1999-12-06,41
名探偵コナン,C1849,2004,1999-12-06,40
名探偵コナン,C1849,2005,1999-12-06,40
名探偵コナン,C1849,2006,1999-12-06,36
名探偵コナン,C1849,2007,1999-12-06,32
名探偵コナン,C1849,2008,1999-12-06,32
名探偵コナン,C1849,2009,1999-12-06,49
名探偵コナン,C1849,2010,1999-12-06,42
名探偵コナン,C1849,2011,1999-12-06,48
名探偵コナン,C1849,2012,1999-12-06,43
名探偵コナン,C1849,2013,1999-12-06,44
名探偵コナン,C1849,2014,1999-12-06,62
名探偵コナン,C1849,2015,1999-12-06,61
名探偵コナン,C1849,2016,1999-12-06,50
名探偵コナン,C1849,2017,1999-12-06,0
いない いない ばあっ![第4期],C4102,1992,1999-12-13,0
いない いない ばあっ![第4期],C4102,1993,1999-12-13,0
いない いない ばあっ![第4期],C4102,1994,1999-12-13,0
いない いない ばあっ![第4期],C4102,1995,1999-12-13,0
いない いない ばあっ![第4期],C4102,1996,1999-12-13,0
いない いない ばあっ![第4期],C4102,1997,1999-12-13,0
いない いない ばあっ![第4期],C4102,1998,1999-12-13,0
いない いない ばあっ![第4期],C4102,1999,1999-12-13,9
いない いない ばあっ![第4期],C4102,2000,1999-12-13,104
いない いない ばあっ![第4期],C4102,2001,1999-12-13,96
いない いない ばあっ![第4期],C4102,2002,1999-12-13,101
いない いない ばあっ![第4期],C4102,2003,1999-12-13,90
いない いない ばあっ![第4期],C4102,2004,1999-12-13,89
いない いない ばあっ![第4期],C4102,2005,1999-12-13,90
いない いない ばあっ![第4期],C4102,2006,1999-12-13,91
いない いない ばあっ![第4期],C4102,2007,1999-12-13,100
いない いない ばあっ![第4期],C4102,2008,1999-12-13,110
いない いない ばあっ![第4期],C4102,2009,1999-12-13,120
いない いない ばあっ![第4期],C4102,2010,1999-12-13,110
いない いない ばあっ![第4期],C4102,2011,1999-12-13,110
いない いない ばあっ![第4期],C4102,2012,1999-12-13,25
いない いない ばあっ![第4期],C4102,2013,1999-12-13,0
いない いない ばあっ![第4期],C4102,2014,1999-12-13,0
いない いない ばあっ![第4期],C4102,2015,1999-12-13,0
いない いない ばあっ![第4期],C4102,2016,1999-12-13,0
いない いない ばあっ![第4期],C4102,2017,1999-12-13,0
あたしンち,C2606,1992,2002-04-19,0
あたしンち,C2606,1993,2002-04-19,0
あたしンち,C2606,1994,2002-04-19,0
あたしンち,C2606,1995,2002-04-19,0
あたしンち,C2606,1996,2002-04-19,0
あたしンち,C2606,1997,2002-04-19,0
あたしンち,C2606,1998,2002-04-19,0
あたしンち,C2606,1999,2002-04-19,0
あたしンち,C2606,2000,2002-04-19,0
あたしンち,C2606,2001,2002-04-19,0
あたしンち,C2606,2002,2002-04-19,68
あたしンち,C2606,2003,2002-04-19,91
あたしンち,C2606,2004,2002-04-19,88
あたしンち,C2606,2005,2002-04-19,94
あたしンち,C2606,2006,2002-04-19,83
あたしンち,C2606,2007,2002-04-19,88
あたしンち,C2606,2008,2002-04-19,90
あたしンち,C2606,2009,2002-04-19,66
あたしンち,C2606,2010,2002-04-19,0
あたしンち,C2606,2011,2002-04-19,0
あたしンち,C2606,2012,2002-04-19,0
あたしンち,C2606,2013,2002-04-19,0
あたしンち,C2606,2014,2002-04-19,0
あたしンち,C2606,2015,2002-04-19,73
あたしンち,C2606,2016,2002-04-19,42
あたしンち,C2606,2017,2002-04-19,0
NARUTO,C2644,1992,2002-10-03,0
NARUTO,C2644,1993,2002-10-03,0
NARUTO,C2644,1994,2002-10-03,0
NARUTO,C2644,1995,2002-10-03,0
NARUTO,C2644,1996,2002-10-03,0
NARUTO,C2644,1997,2002-10-03,0
NARUTO,C2644,1998,2002-10-03,0
NARUTO,C2644,1999,2002-10-03,0
NARUTO,C2644,2000,2002-10-03,0
NARUTO,C2644,2001,2002-10-03,0
NARUTO,C2644,2002,2002-10-03,13
NARUTO,C2644,2003,2002-10-03,52
NARUTO,C2644,2004,2002-10-03,51
NARUTO,C2644,2005,2002-10-03,50
NARUTO,C2644,2006,2002-10-03,50
NARUTO,C2644,2007,2002-10-03,46
NARUTO,C2644,2008,2002-10-03,49
NARUTO,C2644,2009,2002-10-03,51
NARUTO,C2644,2010,2002-10-03,51
NARUTO,C2644,2011,2002-10-03,50
NARUTO,C2644,2012,2002-10-03,91
NARUTO,C2644,2013,2002-10-03,61
NARUTO,C2644,2014,2002-10-03,49
NARUTO,C2644,2015,2002-10-03,50
NARUTO,C2644,2016,2002-10-03,48
NARUTO,C2644,2017,2002-10-03,27
ふたりはプリキュア,C2833,1992,2004-02-01,0
ふたりはプリキュア,C2833,1993,2004-02-01,0
ふたりはプリキュア,C2833,1994,2004-02-01,0
ふたりはプリキュア,C2833,1995,2004-02-01,0
ふたりはプリキュア,C2833,1996,2004-02-01,0
ふたりはプリキュア,C2833,1997,2004-02-01,0
ふたりはプリキュア,C2833,1998,2004-02-01,0
ふたりはプリキュア,C2833,1999,2004-02-01,0
ふたりはプリキュア,C2833,2000,2004-02-01,0
ふたりはプリキュア,C2833,2001,2004-02-01,0
ふたりはプリキュア,C2833,2002,2004-02-01,0
ふたりはプリキュア,C2833,2003,2004-02-01,0
ふたりはプリキュア,C2833,2004,2004-02-01,45
ふたりはプリキュア,C2833,2005,2004-02-01,47
ふたりはプリキュア,C2833,2006,2004-02-01,49
ふたりはプリキュア,C2833,2007,2004-02-01,49
ふたりはプリキュア,C2833,2008,2004-02-01,48
ふたりはプリキュア,C2833,2009,2004-02-01,49
ふたりはプリキュア,C2833,2010,2004-02-01,50
ふたりはプリキュア,C2833,2011,2004-02-01,48
ふたりはプリキュア,C2833,2012,2004-02-01,48
ふたりはプリキュア,C2833,2013,2004-02-01,49
ふたりはプリキュア,C2833,2014,2004-02-01,50
ふたりはプリキュア,C2833,2015,2004-02-01,49
ふたりはプリキュア,C2833,2016,2004-02-01,45
ふたりはプリキュア,C2833,2017,2004-02-01,33
ドラえもん［新・第2期］,C2756,1992,2005-04-15,0
ドラえもん［新・第2期］,C2756,1993,2005-04-15,0
ドラえもん［新・第2期］,C2756,1994,2005-04-15,0
ドラえもん［新・第2期］,C2756,1995,2005-04-15,0
ドラえもん［新・第2期］,C2756,1996,2005-04-15,0
ドラえもん［新・第2期］,C2756,1997,2005-04-15,0
ドラえもん［新・第2期］,C2756,1998,2005-04-15,0
ドラえもん［新・第2期］,C2756,1999,2005-04-15,0
ドラえもん［新・第2期］,C2756,2000,2005-04-15,0
ドラえもん［新・第2期］,C2756,2001,2005-04-15,0
ドラえもん［新・第2期］,C2756,2002,2005-04-15,0
ドラえもん［新・第2期］,C2756,2003,2005-04-15,0
ドラえもん［新・第2期］,C2756,2004,2005-04-15,0
ドラえもん［新・第2期］,C2756,2005,2005-04-15,32
ドラえもん［新・第2期］,C2756,2006,2005-04-15,43
ドラえもん［新・第2期］,C2756,2007,2005-04-15,38
ドラえもん［新・第2期］,C2756,2008,2005-04-15,45
ドラえもん［新・第2期］,C2756,2009,2005-04-15,41
ドラえもん［新・第2期］,C2756,2010,2005-04-15,37
ドラえもん［新・第2期］,C2756,2011,2005-04-15,41
ドラえもん［新・第2期］,C2756,2012,2005-04-15,39
ドラえもん［新・第2期］,C2756,2013,2005-04-15,42
ドラえもん［新・第2期］,C2756,2014,2005-04-15,79
ドラえもん［新・第2期］,C2756,2015,2005-04-15,87
ドラえもん［新・第2期］,C2756,2016,2005-04-15,84
ドラえもん［新・第2期］,C2756,2017,2005-04-15,0
きょうの料理ビギナーズ,C4287,1992,2007-04-02,0
きょうの料理ビギナーズ,C4287,1993,2007-04-02,0
きょうの料理ビギナーズ,C4287,1994,2007-04-02,0
きょうの料理ビギナーズ,C4287,1995,2007-04-02,0
きょうの料理ビギナーズ,C4287,1996,2007-04-02,0
きょうの料理ビギナーズ,C4287,1997,2007-04-02,0
きょうの料理ビギナーズ,C4287,1998,2007-04-02,0
きょうの料理ビギナーズ,C4287,1999,2007-04-02,0
きょうの料理ビギナーズ,C4287,2000,2007-04-02,0
きょうの料理ビギナーズ,C4287,2001,2007-04-02,0
きょうの料理ビギナーズ,C4287,2002,2007-04-02,0
きょうの料理ビギナーズ,C4287,2003,2007-04-02,0
きょうの料理ビギナーズ,C4287,2004,2007-04-02,0
きょうの料理ビギナーズ,C4287,2005,2007-04-02,0
きょうの料理ビギナーズ,C4287,2006,2007-04-02,0
きょうの料理ビギナーズ,C4287,2007,2007-04-02,72
きょうの料理ビギナーズ,C4287,2008,2007-04-02,97
きょうの料理ビギナーズ,C4287,2009,2007-04-02,95
きょうの料理ビギナーズ,C4287,2010,2007-04-02,98
きょうの料理ビギナーズ,C4287,2011,2007-04-02,0
きょうの料理ビギナーズ,C4287,2012,2007-04-02,0
きょうの料理ビギナーズ,C4287,2013,2007-04-02,8
きょうの料理ビギナーズ,C4287,2014,2007-04-02,96
きょうの料理ビギナーズ,C4287,2015,2007-04-02,72
きょうの料理ビギナーズ,C4287,2016,2007-04-02,106
きょうの料理ビギナーズ,C4287,2017,2007-04-02,0
ふるさと 再生 日本の昔ばなし,C5580,1992,2012-04-01,0
ふるさと 再生 日本の昔ばなし,C5580,1993,2012-04-01,0
ふるさと 再生 日本の昔ばなし,C5580,1994,2012-04-01,0
ふるさと 再生 日本の昔ばなし,C5580,1995,2012-04-01,0
ふるさと 再生 日本の昔ばなし,C5580,1996,2012-04-01,0
ふるさと 再生 日本の昔ばなし,C5580,1997,2012-04-01,0
ふるさと 再生 日本の昔ばなし,C5580,1998,2012-04-01,0
ふるさと 再生 日本の昔ばなし,C5580,1999,2012-04-01,0
ふるさと 再生 日本の昔ばなし,C5580,2000,2012-04-01,0
ふるさと 再生 日本の昔ばなし,C5580,2001,2012-04-01,0
ふるさと 再生 日本の昔ばなし,C5580,2002,2012-04-01,0
ふるさと 再生 日本の昔ばなし,C5580,2003,2012-04-01,0
ふるさと 再生 日本の昔ばなし,C5580,2004,2012-04-01,0
ふるさと 再生 日本の昔ばなし,C5580,2005,2012-04-01,0
ふるさと 再生 日本の昔ばなし,C5580,2006,2012-04-01,0
ふるさと 再生 日本の昔ばなし,C5580,2007,2012-04-01,0
ふるさと 再生 日本の昔ばなし,C5580,2008,2012-04-01,0
ふるさと 再生 日本の昔ばなし,C5580,2009,2012-04-01,0
ふるさと 再生 日本の昔ばなし,C5580,2010,2012-04-01,0
ふるさと 再生 日本の昔ばなし,C5580,2011,2012-04-01,0
ふるさと 再生 日本の昔ばなし,C5580,2012,2012-04-01,39
ふるさと 再生 日本の昔ばなし,C5580,2013,2012-04-01,60
ふるさと 再生 日本の昔ばなし,C5580,2014,2012-04-01,153
ふるさと 再生 日本の昔ばなし,C5580,2015,2012-04-01,156
ふるさと 再生 日本の昔ばなし,C5580,2016,2012-04-01,156
ふるさと 再生 日本の昔ばなし,C5580,2017,2012-04-01,0
紙兎 ロペ 笑う朝には福来たるって マジっすか!?,C4698,1992,2012-11-16,0
紙兎 ロペ 笑う朝には福来たるって マジっすか!?,C4698,1993,2012-11-16,0
紙兎 ロペ 笑う朝には福来たるって マジっすか!?,C4698,1994,2012-11-16,0
紙兎 ロペ 笑う朝には福来たるって マジっすか!?,C4698,1995,2012-11-16,0
紙兎 ロペ 笑う朝には福来たるって マジっすか!?,C4698,1996,2012-11-16,0
紙兎 ロペ 笑う朝には福来たるって マジっすか!?,C4698,1997,2012-11-16,0
紙兎 ロペ 笑う朝には福来たるって マジっすか!?,C4698,1998,2012-11-16,0
紙兎 ロペ 笑う朝には福来たるって マジっすか!?,C4698,1999,2012-11-16,0
紙兎 ロペ 笑う朝には福来たるって マジっすか!?,C4698,2000,2012-11-16,0
紙兎 ロペ 笑う朝には福来たるって マジっすか!?,C4698,2001,2012-11-16,0
紙兎 ロペ 笑う朝には福来たるって マジっすか!?,C4698,2002,2012-11-16,0
紙兎 ロペ 笑う朝には福来たるって マジっすか!?,C4698,2003,2012-11-16,0
紙兎 ロペ 笑う朝には福来たるって マジっすか!?,C4698,2004,2012-11-16,0
紙兎 ロペ 笑う朝には福来たるって マジっすか!?,C4698,2005,2012-11-16,0
紙兎 ロペ 笑う朝には福来たるって マジっすか!?,C4698,2006,2012-11-16,0
紙兎 ロペ 笑う朝には福来たるって マジっすか!?,C4698,2007,2012-11-16,0
紙兎 ロペ 笑う朝には福来たるって マジっすか!?,C4698,2008,2012-11-16,0
紙兎 ロペ 笑う朝には福来たるって マジっすか!?,C4698,2009,2012-11-16,0
紙兎 ロペ 笑う朝には福来たるって マジっすか!?,C4698,2010,2012-11-16,0
紙兎 ロペ 笑う朝には福来たるって マジっすか!?,C4698,2011,2012-11-16,0
紙兎 ロペ 笑う朝には福来たるって マジっすか!?,C4698,2012,2012-11-16,7
紙兎 ロペ 笑う朝には福来たるって マジっすか!?,C4698,2013,2012-11-16,238
紙兎 ロペ 笑う朝には福来たるって マジっすか!?,C4698,2014,2012-11-16,78
紙兎 ロペ 笑う朝には福来たるって マジっすか!?,C4698,2015,2012-11-16,0
紙兎 ロペ 笑う朝には福来たるって マジっすか!?,C4698,2016,2012-11-16,254
紙兎 ロペ 笑う朝には福来たるって マジっすか!?,C4698,2017,2012-11-16,0
