年代,アニメ作品ID,アニメ作品の合計話数
1990,C12701,99
1990,C12715,26
1990,C12729,14
1990,C15787,13
1990,C8319,49
1990,C8328,130
1990,C8330,47
1990,C8332,26
1990,C8334,50
1990,C8338,47
1990,C8522,170
1990,C8524,40
1990,C8526,41
1990,C8529,39
1990,C8533,18
1990,C8545,51
1990,C8547,26
1990,C8549,50
1990,C8577,13
1990,C8623,43
1990,C8631,78
1990,C8633,39
1990,C8635,47
1990,C8639,47
1990,C8649,45
1990,C8651,58
1990,C8657,87
1990,C8659,50
1990,C8661,50
1990,C8666,80
1990,C8672,24
1990,C8674,20
1990,C8676,53
1990,C8680,48
1990,C8682,22
1990,C8684,39
1990,C8686,26
1990,C8688,36
1990,C8690,11
1990,C8692,108
1990,C8694,41
1990,C8696,200
1990,C8698,48
1990,C8700,26
1990,C8702,50
1990,C8704,50
1990,C8706,51
1990,C8708,37
1990,C8710,51
1990,C8712,51
1990,C8718,111
1990,C8720,41
1990,C8722,39
1990,C8724,13
1990,C8726,30
1990,C8728,100
1990,C8734,37
1990,C8736,99
1990,C8738,39
1990,C8740,44
1990,C8746,45
1990,C8758,62
1990,C8760,51
1990,C8762,46
1990,C8764,26
1990,C8766,49
1990,C8768,48
1990,C8770,47
1990,C8776,46
1990,C8780,47
1990,C8782,29
1990,C8784,26
1990,C8790,51
1990,C8792,40
1990,C8794,50
1990,C8798,46
1990,C8804,50
1990,C8806,46
1990,C8808,14
1990,C8810,26
1990,C8815,98
1990,C8817,12
1990,C8821,58
1990,C8825,104
1990,C8835,51
1990,C8837,38
1990,C8847,136
1990,C8849,423
1990,C8853,52
1990,C8855,24
1990,C8857,23
1990,C8867,44
1990,C8869,26
1990,C8883,26
1990,C8885,64
1990,C8887,75
1990,C8889,112
1990,C8891,258
1990,C8893,42
1990,C8895,42
1990,C8897,24
1990,C8899,111
1990,C8901,52
1990,C8903,52
1990,C8909,123
1990,C8923,51
1990,C8925,40
1990,C8927,26
1990,C8929,47
1990,C8933,51
1990,C8935,43
1990,C8939,51
1990,C8941,60
1990,C8943,167
1990,C8945,52
1990,C8949,52
1990,C8951,95
1990,C8953,45
1990,C8992,45
1990,C8998,41
1990,C9000,30
1990,C9002,39
1990,C9004,51
1990,C9006,39
1990,C9008,52
1990,C9010,38
1990,C9012,39
1990,C9014,37
1990,C9016,39
1990,C9018,36
1990,C9020,38
1990,C9022,39
1990,C9024,37
1990,C9026,39
1990,C9028,38
1990,C9056,13
1990,C9062,19
1990,C9066,10
1990,C9072,17
1990,C9082,65
1990,C9084,13
1990,C9088,12
1990,C9090,10
1990,C9092,11
1990,C9094,9
1990,C9096,9
1990,C9102,13
1990,C9110,12
1995,C12419,39
1995,C12421,1
1995,C12538,80
1995,C12663,26
1995,C12681,4
1995,C12729,6
1995,C12757,39
1995,C12759,11
1995,C12769,39
1995,C12771,60
1995,C12783,52
1995,C12785,27
1995,C12797,23
1995,C12799,1
1995,C15091,9
1995,C15942,41
1995,C7207,5
1995,C8319,52
1995,C8321,104
1995,C8323,50
1995,C8325,50
1995,C8504,3
1995,C8668,29
1995,C8825,226
1995,C8835,23
1995,C8838,39
1995,C8840,30
1995,C8842,26
1995,C8844,26
1995,C8846,4
1995,C8847,21
1995,C8849,743
1995,C8899,1
1995,C8943,3
1995,C8955,100
1995,C8957,25
1995,C8959,31
1995,C8961,13
1995,C8967,23
1995,C8973,39
1995,C8975,34
1995,C8977,25
1995,C8979,24
1995,C8981,25
1995,C8992,3
1995,C8998,35
1995,C9000,8
1995,C9002,13
1995,C9008,4
1995,C9010,1
1995,C9012,13
1995,C9014,12
1995,C9016,13
1995,C9018,14
1995,C9020,1
1995,C9022,13
1995,C9026,13
1995,C9028,14
1995,C9062,7
1995,C9072,34
1995,C9080,8
1995,C9082,55
1995,C9084,13
1995,C9090,35
1995,C9092,38
1995,C9094,41
1995,C9096,38
1995,C9120,50
1995,C9122,3
1995,C9124,51
1995,C9126,55
1995,C9128,33
1995,C9140,48
1995,C9146,42
1995,C9152,39
1995,C9154,26
1995,C9156,39
1995,C9160,51
1995,C9162,39
1995,C9164,52
1995,C9172,39
1995,C9174,49
1995,C9176,26
1995,C9179,90
1995,C9181,20
1995,C9193,28
1995,C9201,48
1995,C9203,2
1995,C9205,30
1995,C9207,35
1995,C9213,80
1995,C9215,70
1995,C9217,26
1995,C9221,70
1995,C9223,48
1995,C9235,35
1995,C9243,120
1995,C9245,26
1995,C9247,74
1995,C9249,26
1995,C9251,25
1995,C9253,26
1995,C9255,26
1995,C9257,24
1995,C9259,43
1995,C9277,114
1995,C9279,52
1995,C9281,20
1995,C9283,3
1995,C9285,105
1995,C9287,26
1995,C9289,48
1995,C9291,66
1995,C9293,61
1995,C9295,34
1995,C9297,120
1995,C9299,26
1995,C9301,26
1995,C9303,117
1995,C9305,47
1995,C9307,39
1995,C9309,104
1995,C9311,26
1995,C9313,24
1995,C9315,25
1995,C9321,49
1995,C9323,92
1995,C9329,26
1995,C9331,46
1995,C9333,28
1995,C9341,3
1995,C9344,1
1995,C9346,23
1995,C9348,51
1995,C9350,26
1995,C9352,25
1995,C9354,38
1995,C9356,12
1995,C9358,26
1995,C9360,126
1995,C9362,51
1995,C9364,50
1995,C9366,26
1995,C9380,51
1995,C9382,34
1995,C9384,12
1995,C9386,49
1995,C9390,26
1995,C9392,45
1995,C9394,42
1995,C9398,48
1995,C9400,42
1995,C9402,48
1995,C9404,26
1995,C9410,24
1995,C9418,10
1995,C9428,39
1995,C9430,25
1995,C9434,12
1995,C9436,25
1995,C9438,26
1995,C9440,25
1995,C9442,116
1995,C9444,28
1995,C9446,28
1995,C9450,52
1995,C9464,26
1995,C9470,62
1995,C9472,12
1995,C9474,60
1995,C9476,60
1995,C9478,42
1995,C9483,12
1995,C9485,51
1995,C9487,12
1995,C9489,26
1995,C9491,23
1995,C9493,25
1995,C9495,24
1995,C9497,100
1995,C9499,26
1995,C9501,58
1995,C9503,12
1995,C9505,93
1995,C9511,13
1995,C9513,13
1995,C9521,12
1995,C9523,12
1995,C9525,50
1995,C9527,51
1995,C9528,32
1995,C9532,26
1995,C9534,14
1995,C9539,51
1995,C9543,20
1995,C9547,16
1995,C9549,13
1995,C9551,50
1995,C9560,12
1995,C9561,26
1995,C9563,36
1995,C9565,43
1995,C9572,52
1995,C9574,13
1995,C9576,12
1995,C9578,16
1995,C9580,35
1995,C9582,21
1995,C9584,46
1995,C9586,46
1995,C9588,40
1995,C9592,4
1995,C9594,42
1995,C9597,10
1995,C9599,11
1995,C9600,27
1995,C9602,26
1995,C9604,13
1995,C9606,13
1995,C9608,26
1995,C9610,26
1995,C9612,39
1995,C9614,154
1995,C9616,27
1995,C9618,44
1995,C9620,26
1995,C9622,60
1995,C9624,48
1995,C9626,54
1995,C9628,24
1995,C9630,35
1995,C9632,26
1995,C9634,26
1995,C9636,26
1995,C9638,25
1995,C9640,12
1995,C9642,26
1995,C9644,25
1995,C9646,26
1995,C9648,27
1995,C9650,20
1995,C9654,32
1995,C9656,12
1995,C9658,26
1995,C9659,25
1995,C9661,90
1995,C9663,24
1995,C9665,52
1995,C9667,25
1995,C9669,13
1995,C9671,24
1995,C9673,16
1995,C9675,26
1995,C9677,12
1995,C9679,12
1995,C9681,24
1995,C9683,43
1995,C9685,26
1995,C9687,22
1995,C9689,27
1995,C9693,20
1995,C9695,15
1995,C9699,22
1995,C9701,16
1995,C9717,48
1995,C9719,18
1995,C9720,20
1995,C9724,92
1995,C9728,4
1995,C9730,13
1995,C9732,23
1995,C9736,26
1995,C9738,13
1995,C9740,26
1995,C9742,26
1995,C9744,26
1995,C9746,39
1995,C9748,36
1995,C9750,26
1995,C9752,90
1995,C9754,26
1995,C9756,26
1995,C9758,26
1995,C9760,24
1995,C9762,25
1995,C9764,13
1995,C9766,26
1995,C9768,12
1995,C9770,13
1995,C9772,26
1995,C9774,37
1995,C9778,26
1995,C9780,26
1995,C9782,26
1995,C9784,27
1995,C9786,13
1995,C9788,13
1995,C9790,13
1995,C9792,12
1995,C9794,24
1995,C9796,12
1995,C9800,13
1995,C9802,17
1995,C9804,15
1995,C9806,13
1995,C9808,3
1995,C9810,14
1995,C9812,10
1995,C9814,44
1995,C9816,13
1995,C9818,16
1995,C9820,10
1995,C9822,10
1995,C9825,13
1995,C9827,13
1995,C9829,5
1995,C9831,13
1995,C9833,12
1995,C9835,12
1995,C9837,12
1995,C9841,10
1995,C9843,10
1995,C9845,24
1995,C9847,10
1995,C9849,10
1995,C9851,10
1995,C9853,21
1995,C9855,9
1995,C9857,18
1995,C9861,19
1995,C9863,9
1995,C9865,16
1995,C9867,5
1995,C9869,9
1995,C9875,1
1995,C9877,39
2000,C10001,24
2000,C10003,26
2000,C10005,6
2000,C10006,120
2000,C10008,38
2000,C10010,13
2000,C10012,75
2000,C10014,24
2000,C10016,20
2000,C10018,20
2000,C10020,50
2000,C10022,65
2000,C10024,22
2000,C10026,171
2000,C10028,13
2000,C10030,13
2000,C10032,20
2000,C10034,26
2000,C10038,26
2000,C10042,65
2000,C10051,13
2000,C10053,26
2000,C10054,10
2000,C10056,50
2000,C10060,20
2000,C10062,51
2000,C10066,2
2000,C10068,1
2000,C10072,26
2000,C10074,31
2000,C10076,13
2000,C10078,52
2000,C10080,51
2000,C10082,13
2000,C10086,26
2000,C10088,26
2000,C10090,24
2000,C10092,13
2000,C10094,13
2000,C10096,13
2000,C10098,27
2000,C10100,4
2000,C10102,38
2000,C10104,26
2000,C10106,13
2000,C10109,23
2000,C10111,12
2000,C10113,12
2000,C10115,50
2000,C10117,30
2000,C10119,26
2000,C10121,30
2000,C10123,28
2000,C10125,39
2000,C10127,14
2000,C10129,15
2000,C10131,13
2000,C10133,13
2000,C10135,65
2000,C10137,26
2000,C10139,27
2000,C10141,12
2000,C10143,13
2000,C10145,61
2000,C10147,11
2000,C10149,23
2000,C10151,14
2000,C10153,3
2000,C10157,4
2000,C10161,25
2000,C10163,26
2000,C10165,65
2000,C10167,8
2000,C10169,51
2000,C10171,24
2000,C10173,12
2000,C10175,14
2000,C10177,12
2000,C10179,17
2000,C10181,13
2000,C10183,100
2000,C10185,13
2000,C10187,26
2000,C10189,52
2000,C10191,68
2000,C10193,166
2000,C10195,76
2000,C10197,13
2000,C10199,23
2000,C10201,12
2000,C10203,26
2000,C10205,28
2000,C10207,51
2000,C10211,50
2000,C10215,5
2000,C10217,10
2000,C10221,26
2000,C10223,13
2000,C10229,34
2000,C10231,27
2000,C10233,48
2000,C10235,51
2000,C10237,14
2000,C10239,24
2000,C10241,51
2000,C10243,12
2000,C10245,25
2000,C10247,26
2000,C10248,13
2000,C10250,4
2000,C10252,16
2000,C10254,52
2000,C10256,26
2000,C10258,25
2000,C10260,25
2000,C10262,25
2000,C10264,52
2000,C10267,24
2000,C10272,50
2000,C10274,49
2000,C10276,26
2000,C10278,52
2000,C10280,26
2000,C10282,24
2000,C10284,13
2000,C10286,32
2000,C10288,13
2000,C10290,13
2000,C10292,10
2000,C10294,13
2000,C10296,116
2000,C10298,13
2000,C10300,73
2000,C10302,13
2000,C10304,51
2000,C10306,18
2000,C10308,26
2000,C10312,56
2000,C10314,13
2000,C10318,12
2000,C10320,26
2000,C10322,13
2000,C10324,53
2000,C10326,45
2000,C10330,26
2000,C10332,13
2000,C10334,90
2000,C10336,26
2000,C10338,26
2000,C10340,13
2000,C10342,39
2000,C10344,52
2000,C10346,26
2000,C10348,52
2000,C10350,52
2000,C10352,50
2000,C10354,53
2000,C10356,50
2000,C10358,26
2000,C10360,26
2000,C10362,24
2000,C10364,247
2000,C10366,13
2000,C10368,22
2000,C10370,40
2000,C10372,13
2000,C10374,82
2000,C10376,14
2000,C10378,26
2000,C10380,13
2000,C10382,26
2000,C10384,26
2000,C10386,38
2000,C10388,39
2000,C10390,12
2000,C10392,26
2000,C10398,41
2000,C10400,26
2000,C10402,13
2000,C10404,50
2000,C10406,13
2000,C10408,15
2000,C10410,27
2000,C10412,26
2000,C10415,26
2000,C10417,36
2000,C10419,30
2000,C10421,13
2000,C10423,47
2000,C10426,15
2000,C10428,28
2000,C10430,109
2000,C10432,14
2000,C10436,14
2000,C10438,6
2000,C10440,82
2000,C10444,13
2000,C10446,13
2000,C10448,12
2000,C10450,12
2000,C10452,13
2000,C10454,13
2000,C10456,26
2000,C10458,13
2000,C10460,13
2000,C10462,8
2000,C10464,26
2000,C10468,13
2000,C10470,13
2000,C10472,13
2000,C10474,12
2000,C10476,51
2000,C10478,12
2000,C10480,53
2000,C10482,52
2000,C10484,12
2000,C10488,12
2000,C10490,13
2000,C10492,50
2000,C10494,50
2000,C10496,130
2000,C10498,11
2000,C10504,24
2000,C10506,27
2000,C10508,26
2000,C10510,26
2000,C10512,35
2000,C10514,26
2000,C10516,52
2000,C10518,13
2000,C10520,26
2000,C10522,52
2000,C10524,52
2000,C10527,13
2000,C10529,26
2000,C10531,51
2000,C10532,88
2000,C10534,52
2000,C10536,52
2000,C10538,12
2000,C10540,26
2000,C10542,12
2000,C10544,52
2000,C10546,13
2000,C10548,26
2000,C10550,26
2000,C10552,26
2000,C10553,19
2000,C10555,20
2000,C10557,24
2000,C10559,20
2000,C10561,40
2000,C10565,2
2000,C10567,12
2000,C10569,90
2000,C10571,82
2000,C10573,13
2000,C10575,16
2000,C10577,13
2000,C10579,12
2000,C10581,12
2000,C10583,25
2000,C10585,12
2000,C10590,13
2000,C10592,12
2000,C10594,26
2000,C10596,13
2000,C10598,13
2000,C10600,12
2000,C10602,13
2000,C10606,4
2000,C10608,2
2000,C10616,11
2000,C10620,26
2000,C10622,13
2000,C10628,18
2000,C10630,13
2000,C10632,12
2000,C10634,15
2000,C10636,26
2000,C10638,26
2000,C10640,12
2000,C10642,10
2000,C10647,13
2000,C10649,25
2000,C10651,26
2000,C10653,13
2000,C10655,13
2000,C10657,52
2000,C10659,26
2000,C10661,14
2000,C10663,26
2000,C10665,11
2000,C10667,26
2000,C10669,51
2000,C10671,25
2000,C10673,24
2000,C10675,24
2000,C10677,14
2000,C10679,12
2000,C10682,26
2000,C10684,24
2000,C10686,53
2000,C10691,24
2000,C10699,52
2000,C10701,52
2000,C10703,13
2000,C10705,13
2000,C10707,13
2000,C10709,13
2000,C10712,26
2000,C10714,52
2000,C10716,25
2000,C10718,8
2000,C10720,12
2000,C10724,47
2000,C10726,45
2000,C10728,23
2000,C10730,5
2000,C10732,8
2000,C10734,2
2000,C10736,15
2000,C10762,26
2000,C10764,26
2000,C10766,39
2000,C10768,13
2000,C10770,24
2000,C10772,24
2000,C10774,13
2000,C10776,12
2000,C10778,13
2000,C10780,11
2000,C10782,31
2000,C10784,17
2000,C10786,26
2000,C10788,13
2000,C10790,12
2000,C10792,24
2000,C10794,39
2000,C10795,38
2000,C10797,39
2000,C10799,26
2000,C10801,39
2000,C10803,26
2000,C10805,34
2000,C10807,38
2000,C10809,13
2000,C10811,17
2000,C10813,38
2000,C10815,39
2000,C10816,12
2000,C10818,12
2000,C10821,13
2000,C10823,13
2000,C10826,13
2000,C10828,12
2000,C10830,37
2000,C10832,26
2000,C10834,26
2000,C10836,37
2000,C10837,26
2000,C10839,30
2000,C10843,17
2000,C10845,9
2000,C10847,2
2000,C10849,13
2000,C10851,13
2000,C10862,13
2000,C10864,26
2000,C10866,24
2000,C10868,13
2000,C10870,23
2000,C10872,25
2000,C10874,11
2000,C10876,12
2000,C10880,3
2000,C10882,14
2000,C10884,2
2000,C10886,20
2000,C10888,13
2000,C10890,26
2000,C10892,23
2000,C10894,13
2000,C10896,13
2000,C10900,7
2000,C10904,13
2000,C10908,9
2000,C10910,13
2000,C10912,13
2000,C10914,13
2000,C10916,13
2000,C10920,13
2000,C10922,12
2000,C10924,13
2000,C10926,13
2000,C10928,13
2000,C10930,63
2000,C10932,12
2000,C10934,11
2000,C10936,12
2000,C10938,10
2000,C10940,13
2000,C10942,13
2000,C10944,13
2000,C10946,18
2000,C10969,13
2000,C10972,13
2000,C10974,12
2000,C10993,13
2000,C10995,13
2000,C10997,13
2000,C10999,13
2000,C11001,13
2000,C11003,13
2000,C11005,13
2000,C11007,13
2000,C11009,13
2000,C11011,12
2000,C11013,12
2000,C11017,12
2000,C11019,10
2000,C11021,12
2000,C11023,11
2000,C11025,8
2000,C11027,8
2000,C11029,7
2000,C11033,1
2000,C11037,20
2000,C11039,69
2000,C11041,50
2000,C11043,90
2000,C11045,82
2000,C11047,13
2000,C11049,16
2000,C11051,10
2000,C11053,7
2000,C11055,13
2000,C11059,5
2000,C12421,76
2000,C12423,23
2000,C12427,90
2000,C12540,68
2000,C12622,18
2000,C12632,1
2000,C12681,209
2000,C12799,82
2000,C12801,31
2000,C12803,13
2000,C12805,14
2000,C12811,16
2000,C12813,90
2000,C12815,85
2000,C12817,10
2000,C12819,102
2000,C12823,10
2000,C12825,10
2000,C12827,10
2000,C12829,17
2000,C12838,41
2000,C12840,120
2000,C12844,4
2000,C12846,31
2000,C12848,66
2000,C12850,25
2000,C12852,9
2000,C12856,25
2000,C12858,23
2000,C12860,26
2000,C12870,2
2000,C12874,100
2000,C12876,57
2000,C12878,4
2000,C12880,6
2000,C12882,31
2000,C12884,6
2000,C12888,76
2000,C12890,3
2000,C12892,17
2000,C12894,12
2000,C12896,13
2000,C12900,27
2000,C12902,12
2000,C12904,12
2000,C12906,23
2000,C12908,10
2000,C12910,26
2000,C12914,52
2000,C12917,6
2000,C12919,85
2000,C12921,137
2000,C12923,9
2000,C12925,5
2000,C12927,19
2000,C12929,30
2000,C12931,1
2000,C12933,13
2000,C12935,13
2000,C12937,26
2000,C12939,15
2000,C12941,26
2000,C12943,75
2000,C12945,20
2000,C12947,48
2000,C12951,18
2000,C12958,13
2000,C12963,15
2000,C12969,13
2000,C12971,4
2000,C12973,32
2000,C12975,4
2000,C12977,3
2000,C13233,1
2000,C13901,26
2000,C14564,24
2000,C14565,43
2000,C14566,1
2000,C14567,6
2000,C14569,45
2000,C14570,26
2000,C14571,65
2000,C14572,7
2000,C14573,26
2000,C14574,26
2000,C14577,50
2000,C15091,27
2000,C15092,66
2000,C15094,26
2000,C15329,12
2000,C15330,39
2000,C15333,4
2000,C15334,2
2000,C15339,30
2000,C15340,12
2000,C15341,53
2000,C15342,5
2000,C15343,16
2000,C15344,26
2000,C15345,1
2000,C15346,1
2000,C15347,2
2000,C15349,4
2000,C7207,252
2000,C8504,238
2000,C8812,39
2000,C8814,5
2000,C8825,256
2000,C8846,150
2000,C8849,192
2000,C9080,484
2000,C9122,254
2000,C9189,13
2000,C9197,16
2000,C9203,6
2000,C9283,212
2000,C9341,194
2000,C9344,2
2000,C9442,32
2000,C9528,12
2000,C9536,3
2000,C9545,35
2000,C9547,30
2000,C9555,25
2000,C9557,13
2000,C9584,5
2000,C9586,4
2000,C9588,4
2000,C9594,12
2000,C9597,10
2000,C9599,13
2000,C9650,28
2000,C9705,1
2000,C9724,12
2000,C9728,32
2000,C9732,6
2000,C9746,13
2000,C9748,12
2000,C9774,13
2000,C9778,64
2000,C9780,26
2000,C9798,9
2000,C9800,13
2000,C9802,50
2000,C9808,13
2000,C9810,52
2000,C9812,13
2000,C9814,88
2000,C9816,12
2000,C9820,14
2000,C9822,14
2000,C9825,13
2000,C9827,13
2000,C9829,13
2000,C9831,13
2000,C9835,14
2000,C9837,13
2000,C9841,3
2000,C9843,3
2000,C9845,49
2000,C9847,3
2000,C9849,52
2000,C9851,12
2000,C9853,45
2000,C9855,210
2000,C9859,46
2000,C9861,64
2000,C9863,59
2000,C9869,4
2000,C9875,12
2000,C9877,13
2000,C9879,41
2000,C9881,12
2000,C9883,51
2000,C9885,13
2000,C9887,12
2000,C9889,32
2000,C9891,49
2000,C9893,72
2000,C9895,13
2000,C9897,39
2000,C9899,25
2000,C9901,10
2000,C9903,104
2000,C9905,13
2000,C9907,66
2000,C9909,26
2000,C9911,30
2000,C9913,15
2000,C9915,13
2000,C9919,25
2000,C9921,50
2000,C9923,24
2000,C9925,24
2000,C9927,50
2000,C9929,38
2000,C9931,13
2000,C9933,51
2000,C9935,24
2000,C9937,12
2000,C9939,13
2000,C9941,25
2000,C9943,24
2000,C9946,26
2000,C9948,39
2000,C9950,25
2000,C9952,25
2000,C9954,13
2000,C9956,27
2000,C9958,15
2000,C9960,24
2000,C9962,227
2000,C9964,24
2000,C9966,24
2000,C9970,194
2000,C9973,28
2000,C9975,10
2000,C9981,2
2000,C9983,4
2000,C9985,26
2000,C9987,26
2000,C9989,130
2000,C9991,12
2000,C9993,14
2000,C9995,52
2000,C9997,27
2000,C9999,26
2005,C10066,1
2005,C10179,1
2005,C10193,13
2005,C10296,105
2005,C10364,421
2005,C10368,17
2005,C10430,83
2005,C10532,62
2005,C10561,37
2005,C10628,38
2005,C10691,3
2005,C10724,5
2005,C10726,4
2005,C10739,24
2005,C10741,14
2005,C10747,2
2005,C10751,27
2005,C10755,13
2005,C10757,25
2005,C10766,12
2005,C10780,14
2005,C10784,9
2005,C10794,64
2005,C10795,12
2005,C10797,256
2005,C10807,14
2005,C10811,9
2005,C10813,12
2005,C10815,12
2005,C10821,38
2005,C10830,11
2005,C10836,38
2005,C10839,10
2005,C10841,7
2005,C10847,7
2005,C10853,25
2005,C10857,13
2005,C10859,12
2005,C10862,13
2005,C10870,1
2005,C10886,19
2005,C10892,3
2005,C10900,6
2005,C10908,5
2005,C10912,39
2005,C10914,39
2005,C10916,13
2005,C10928,13
2005,C10930,193
2005,C10934,13
2005,C10938,2
2005,C10944,38
2005,C10947,26
2005,C10949,12
2005,C10951,25
2005,C10953,25
2005,C10955,51
2005,C10957,26
2005,C10959,13
2005,C10961,47
2005,C10963,12
2005,C10965,97
2005,C10972,13
2005,C10974,12
2005,C10976,52
2005,C10978,12
2005,C10980,12
2005,C10982,23
2005,C10984,14
2005,C10986,11
2005,C10988,14
2005,C10990,13
2005,C10992,141
2005,C10993,12
2005,C10995,13
2005,C10997,241
2005,C10999,12
2005,C11001,13
2005,C11003,167
2005,C11007,13
2005,C11009,13
2005,C11013,39
2005,C11019,53
2005,C11021,57
2005,C11023,2
2005,C11025,19
2005,C11027,5
2005,C11029,19
2005,C11033,13
2005,C11037,7
2005,C11039,20
2005,C11041,45
2005,C11045,1
2005,C11049,4
2005,C11053,15
2005,C11059,22
2005,C11063,13
2005,C11067,13
2005,C11069,13
2005,C11071,12
2005,C11073,13
2005,C11075,52
2005,C11077,39
2005,C11079,12
2005,C11081,12
2005,C11083,26
2005,C11085,13
2005,C11087,26
2005,C11089,26
2005,C11091,12
2005,C11093,12
2005,C11095,13
2005,C11097,13
2005,C11099,24
2005,C11103,24
2005,C11105,22
2005,C11106,52
2005,C11108,52
2005,C11110,102
2005,C11112,51
2005,C11114,26
2005,C11116,26
2005,C11119,145
2005,C11121,12
2005,C11123,51
2005,C11125,52
2005,C11127,26
2005,C11129,13
2005,C11131,39
2005,C11133,12
2005,C11135,26
2005,C11137,50
2005,C11139,24
2005,C11141,51
2005,C11143,12
2005,C11146,26
2005,C11148,42
2005,C11150,26
2005,C11152,12
2005,C11154,13
2005,C11156,13
2005,C11158,13
2005,C11160,2
2005,C11162,12
2005,C11164,51
2005,C11166,26
2005,C11168,13
2005,C11170,26
2005,C11172,26
2005,C11174,13
2005,C11176,26
2005,C11178,12
2005,C11180,24
2005,C11182,13
2005,C11184,14
2005,C11187,25
2005,C11189,24
2005,C11191,12
2005,C11193,48
2005,C11195,52
2005,C11197,25
2005,C11199,13
2005,C11201,24
2005,C11203,13
2005,C11205,104
2005,C11207,51
2005,C11209,52
2005,C11211,24
2005,C11213,27
2005,C11215,26
2005,C11217,13
2005,C11219,26
2005,C11221,106
2005,C11223,25
2005,C11225,25
2005,C11227,24
2005,C11229,26
2005,C11231,52
2005,C11233,12
2005,C11235,24
2005,C11237,12
2005,C11239,12
2005,C11241,27
2005,C11243,26
2005,C11245,24
2005,C11247,39
2005,C11253,14
2005,C11257,26
2005,C11259,9
2005,C11261,1
2005,C11265,1
2005,C11267,13
2005,C11269,12
2005,C11273,12
2005,C11275,12
2005,C11277,14
2005,C11279,12
2005,C11281,26
2005,C11283,65
2005,C11286,24
2005,C11288,25
2005,C11290,24
2005,C11292,25
2005,C11296,27
2005,C11298,51
2005,C11300,25
2005,C11302,26
2005,C11304,25
2005,C11306,25
2005,C11308,25
2005,C11309,29
2005,C11310,26
2005,C11312,27
2005,C11314,13
2005,C11316,26
2005,C11318,52
2005,C11320,25
2005,C11322,26
2005,C11324,51
2005,C11326,52
2005,C11328,12
2005,C11330,25
2005,C11333,49
2005,C11335,49
2005,C11337,12
2005,C11339,13
2005,C11341,14
2005,C11343,26
2005,C11345,12
2005,C11347,52
2005,C11349,52
2005,C11353,26
2005,C11355,26
2005,C11357,13
2005,C11359,26
2005,C11361,13
2005,C11365,27
2005,C11367,12
2005,C11369,13
2005,C11371,100
2005,C11373,27
2005,C11375,52
2005,C11377,26
2005,C11379,26
2005,C11381,26
2005,C11383,26
2005,C11385,26
2005,C11387,26
2005,C11389,26
2005,C11391,26
2005,C11393,26
2005,C11395,13
2005,C11397,12
2005,C11399,26
2005,C11401,13
2005,C11403,26
2005,C11406,5
2005,C11408,13
2005,C11410,26
2005,C11412,14
2005,C11414,12
2005,C11416,12
2005,C11418,13
2005,C11424,12
2005,C11426,13
2005,C11428,12
2005,C11430,11
2005,C11432,13
2005,C11434,26
2005,C11436,24
2005,C11438,12
2005,C11440,12
2005,C11442,12
2005,C11444,12
2005,C11446,13
2005,C11448,12
2005,C11450,13
2005,C11452,13
2005,C11464,12
2005,C11466,13
2005,C11468,26
2005,C11470,25
2005,C11472,12
2005,C11474,14
2005,C11476,12
2005,C11478,12
2005,C11480,13
2005,C11483,13
2005,C11485,13
2005,C11487,26
2005,C11489,13
2005,C11491,26
2005,C11493,25
2005,C11495,13
2005,C11498,13
2005,C11500,25
2005,C11502,24
2005,C11504,12
2005,C11506,25
2005,C11508,23
2005,C11510,24
2005,C11512,23
2005,C11514,50
2005,C11516,51
2005,C11521,90
2005,C11523,5
2005,C11525,25
2005,C11527,95
2005,C11529,13
2005,C11531,26
2005,C11533,12
2005,C11536,13
2005,C11538,12
2005,C11540,26
2005,C11542,13
2005,C11544,26
2005,C11547,18
2005,C11549,13
2005,C11551,26
2005,C11553,12
2005,C11555,25
2005,C11557,26
2005,C11559,13
2005,C11561,24
2005,C11563,12
2005,C11565,11
2005,C11567,22
2005,C11569,23
2005,C11571,26
2005,C11575,21
2005,C11577,13
2005,C11579,2
2005,C11581,2
2005,C11583,12
2005,C11587,26
2005,C11591,12
2005,C11593,52
2005,C11595,10
2005,C11599,11
2005,C11601,13
2005,C11603,12
2005,C11605,14
2005,C11607,12
2005,C11609,5
2005,C11611,26
2005,C11613,13
2005,C11615,13
2005,C11617,52
2005,C11619,13
2005,C11621,13
2005,C11623,18
2005,C11625,13
2005,C11627,11
2005,C11631,63
2005,C11635,30
2005,C11637,18
2005,C11641,48
2005,C11643,3
2005,C11645,13
2005,C11647,104
2005,C11649,54
2005,C11652,12
2005,C11654,90
2005,C11655,26
2005,C11656,5
2005,C11658,12
2005,C11660,26
2005,C11662,63
2005,C11664,12
2005,C11666,24
2005,C11668,51
2005,C11670,12
2005,C11672,13
2005,C11674,25
2005,C11676,12
2005,C11677,12
2005,C11679,13
2005,C11681,90
2005,C11683,26
2005,C11684,11
2005,C11686,12
2005,C11687,12
2005,C11689,13
2005,C11691,26
2005,C11693,25
2005,C11695,26
2005,C11697,12
2005,C11699,13
2005,C11701,4
2005,C11703,11
2005,C11706,13
2005,C11708,27
2005,C11710,12
2005,C11712,51
2005,C11714,52
2005,C11716,12
2005,C11718,26
2005,C11720,52
2005,C11722,13
2005,C11724,51
2005,C11726,25
2005,C11728,25
2005,C11730,52
2005,C11732,26
2005,C11734,13
2005,C11736,24
2005,C11738,13
2005,C11740,89
2005,C11742,24
2005,C11744,26
2005,C11746,12
2005,C11748,12
2005,C11750,12
2005,C11752,50
2005,C11754,26
2005,C11756,22
2005,C11760,26
2005,C11762,12
2005,C11764,26
2005,C11766,13
2005,C11768,26
2005,C11772,12
2005,C11774,13
2005,C11776,12
2005,C11778,13
2005,C11780,20
2005,C11782,12
2005,C11784,13
2005,C11786,12
2005,C11788,12
2005,C11790,12
2005,C11792,13
2005,C11794,13
2005,C11796,13
2005,C11798,13
2005,C11800,14
2005,C11802,13
2005,C11810,50
2005,C11812,12
2005,C11814,26
2005,C11816,13
2005,C11818,7
2005,C11820,22
2005,C11822,13
2005,C11824,13
2005,C11826,12
2005,C11828,13
2005,C11830,25
2005,C11832,12
2005,C11834,48
2005,C11838,24
2005,C11840,13
2005,C11842,25
2005,C11844,13
2005,C11846,13
2005,C11848,12
2005,C11850,24
2005,C11852,26
2005,C11854,26
2005,C11856,13
2005,C11858,12
2005,C11860,13
2005,C11862,24
2005,C11864,27
2005,C11866,51
2005,C11868,26
2005,C11871,12
2005,C11879,22
2005,C11881,13
2005,C11883,13
2005,C11887,6
2005,C11890,12
2005,C11892,12
2005,C11894,13
2005,C11896,12
2005,C11898,13
2005,C11900,26
2005,C11902,12
2005,C11904,24
2005,C11906,12
2005,C11908,51
2005,C11910,25
2005,C11912,13
2005,C11914,11
2005,C11916,13
2005,C11918,13
2005,C11920,13
2005,C11922,26
2005,C11924,50
2005,C11926,13
2005,C11928,24
2005,C11930,12
2005,C11932,9
2005,C11934,45
2005,C11936,2
2005,C11938,63
2005,C11940,104
2005,C11944,32
2005,C11948,307
2005,C11950,12
2005,C11952,14
2005,C11954,31
2005,C11955,39
2005,C11957,25
2005,C11959,26
2005,C11963,26
2005,C11965,25
2005,C11969,36
2005,C11971,13
2005,C11973,26
2005,C11975,39
2005,C11976,12
2005,C11978,15
2005,C11992,13
2005,C11994,12
2005,C11996,4
2005,C11998,2
2005,C12000,13
2005,C12009,26
2005,C12013,26
2005,C12015,39
2005,C12017,39
2005,C12019,12
2005,C12021,26
2005,C12023,38
2005,C12025,39
2005,C12027,38
2005,C12029,39
2005,C12031,24
2005,C12033,12
2005,C12035,13
2005,C12037,26
2005,C12039,13
2005,C12043,16
2005,C12045,12
2005,C12047,12
2005,C12049,11
2005,C12051,23
2005,C12053,13
2005,C12055,12
2005,C12057,12
2005,C12059,12
2005,C12061,13
2005,C12063,26
2005,C12065,12
2005,C12067,13
2005,C12069,25
2005,C12071,13
2005,C12072,25
2005,C12074,13
2005,C12076,12
2005,C12078,12
2005,C12082,13
2005,C12084,13
2005,C12086,13
2005,C12089,11
2005,C12090,12
2005,C12092,14
2005,C12094,12
2005,C12096,12
2005,C12098,13
2005,C12100,13
2005,C12102,13
2005,C12104,13
2005,C12106,12
2005,C12108,12
2005,C12110,13
2005,C12112,13
2005,C12114,11
2005,C12116,12
2005,C12118,12
2005,C12120,12
2005,C12122,11
2005,C12124,13
2005,C12126,11
2005,C12128,12
2005,C12130,13
2005,C12132,11
2005,C12134,8
2005,C12135,10
2005,C12137,11
2005,C12141,4
2005,C12143,25
2005,C12176,104
2005,C12178,25
2005,C12189,13
2005,C12191,13
2005,C12193,13
2005,C12196,55
2005,C12198,26
2005,C12275,12
2005,C12277,26
2005,C12279,26
2005,C12282,15
2005,C12284,16
2005,C12286,26
2005,C12288,12
2005,C12290,13
2005,C12292,59
2005,C12305,13
2005,C12307,12
2005,C12309,24
2005,C12311,13
2005,C12313,51
2005,C12315,12
2005,C12317,13
2005,C12319,50
2005,C12321,13
2005,C12323,12
2005,C12325,13
2005,C12327,12
2005,C12329,12
2005,C12331,11
2005,C12333,6
2005,C12335,13
2005,C12337,13
2005,C12339,12
2005,C12341,12
2005,C12343,10
2005,C12345,49
2005,C12347,6
2005,C12349,25
2005,C12351,6
2005,C12355,13
2005,C12357,52
2005,C12359,52
2005,C12361,26
2005,C12363,52
2005,C12365,25
2005,C12367,51
2005,C12369,13
2005,C12371,48
2005,C12373,13
2005,C12375,26
2005,C12377,30
2005,C12379,26
2005,C12381,14
2005,C12383,176
2005,C12385,51
2005,C12387,15
2005,C12389,26
2005,C12391,189
2005,C12393,26
2005,C12394,26
2005,C12396,78
2005,C12398,26
2005,C12400,13
2005,C12402,13
2005,C12404,162
2005,C12406,12
2005,C12408,51
2005,C12410,26
2005,C12412,27
2005,C12414,51
2005,C12416,56
2005,C12428,12
2005,C12430,26
2005,C12432,24
2005,C12434,26
2005,C12436,24
2005,C12438,26
2005,C12440,26
2005,C12442,12
2005,C12444,24
2005,C12446,14
2005,C12448,24
2005,C12450,102
2005,C12452,73
2005,C12454,24
2005,C12456,12
2005,C12458,42
2005,C12460,26
2005,C12462,13
2005,C12464,26
2005,C12466,13
2005,C12468,12
2005,C12470,30
2005,C12472,12
2005,C12474,24
2005,C12476,19
2005,C12478,13
2005,C12480,12
2005,C12482,24
2005,C12484,11
2005,C12485,12
2005,C12487,10
2005,C12489,39
2005,C12491,52
2005,C12493,24
2005,C12495,12
2005,C12497,12
2005,C12499,28
2005,C12501,22
2005,C12503,12
2005,C12505,13
2005,C12507,24
2005,C12508,12
2005,C12509,46
2005,C12511,54
2005,C12512,12
2005,C12515,13
2005,C12517,13
2005,C12519,52
2005,C12521,12
2005,C12523,26
2005,C12525,24
2005,C12527,11
2005,C12530,50
2005,C12532,6
2005,C12534,12
2005,C12536,11
2005,C12545,24
2005,C12547,24
2005,C12549,12
2005,C12551,24
2005,C12553,44
2005,C12555,16
2005,C12557,14
2005,C12559,12
2005,C12561,25
2005,C12563,12
2005,C12565,27
2005,C12567,158
2005,C12569,13
2005,C12571,25
2005,C12573,13
2005,C12575,7
2005,C12577,103
2005,C12579,25
2005,C12581,24
2005,C12583,12
2005,C12585,12
2005,C12587,25
2005,C12589,26
2005,C12591,39
2005,C12593,25
2005,C12595,22
2005,C12597,24
2005,C12599,52
2005,C12601,26
2005,C12603,22
2005,C12605,26
2005,C12607,12
2005,C12609,12
2005,C12612,13
2005,C12614,13
2005,C12616,13
2005,C12618,10
2005,C12620,26
2005,C12626,20
2005,C12628,26
2005,C12630,90
2005,C12632,57
2005,C12635,13
2005,C12637,45
2005,C12639,199
2005,C12641,95
2005,C12643,52
2005,C12645,17
2005,C12647,6
2005,C12657,10
2005,C12659,27
2005,C12681,11
2005,C12831,91
2005,C12833,9
2005,C12835,46
2005,C12837,24
2005,C12876,84
2005,C12890,4
2005,C12921,294
2005,C12923,11
2005,C12945,6
2005,C12951,2
2005,C12963,33
2005,C12969,12
2005,C12973,56
2005,C12977,5
2005,C12979,24
2005,C12983,20
2005,C12985,25
2005,C12987,48
2005,C12990,6
2005,C12992,8
2005,C12994,26
2005,C12996,4
2005,C13000,6
2005,C13002,3
2005,C13004,2
2005,C13006,2
2005,C13010,26
2005,C13012,39
2005,C13016,37
2005,C13018,5
2005,C13020,10
2005,C13022,12
2005,C13024,5
2005,C13026,2
2005,C13030,15
2005,C13031,13
2005,C13033,1
2005,C13037,4
2005,C13042,11
2005,C13044,11
2005,C13046,11
2005,C13048,11
2005,C13050,11
2005,C13052,11
2005,C13056,13
2005,C13058,12
2005,C13060,82
2005,C13062,9
2005,C13064,60
2005,C13066,53
2005,C13068,91
2005,C13070,15
2005,C13071,13
2005,C13073,25
2005,C13075,15
2005,C13077,8
2005,C13081,167
2005,C13085,4
2005,C13087,13
2005,C13089,26
2005,C13091,30
2005,C13093,6
2005,C13095,24
2005,C13097,13
2005,C13103,14
2005,C13105,50
2005,C13107,90
2005,C13109,90
2005,C13111,15
2005,C13113,12
2005,C13114,11
2005,C13116,20
2005,C13118,33
2005,C13120,60
2005,C13122,24
2005,C13124,20
2005,C13126,25
2005,C13128,28
2005,C13130,2
2005,C13132,13
2005,C13134,14
2005,C13138,2
2005,C13140,19
2005,C13144,2
2005,C13154,4
2005,C13156,13
2005,C13158,13
2005,C13164,5
2005,C13166,1
2005,C13168,11
2005,C13170,375
2005,C13172,9
2005,C13174,11
2005,C13176,27
2005,C13180,4
2005,C13182,110
2005,C13184,26
2005,C13189,13
2005,C13203,41
2005,C13205,18
2005,C13207,96
2005,C13211,5
2005,C13213,41
2005,C13215,51
2005,C13217,39
2005,C13219,25
2005,C13221,26
2005,C13225,26
2005,C13227,51
2005,C13229,13
2005,C13231,16
2005,C13233,25
2005,C13235,25
2005,C13237,2
2005,C13240,44
2005,C13242,3
2005,C13244,19
2005,C13246,96
2005,C13248,13
2005,C13250,27
2005,C13252,42
2005,C13254,129
2005,C13256,13
2005,C13258,50
2005,C13260,25
2005,C13262,1
2005,C13264,12
2005,C13266,5
2005,C13269,15
2005,C13271,4
2005,C13273,17
2005,C13275,5
2005,C13277,5
2005,C13279,26
2005,C13281,13
2005,C13283,13
2005,C13288,2
2005,C13290,104
2005,C13292,13
2005,C13294,7
2005,C13296,8
2005,C13298,13
2005,C13300,26
2005,C13302,12
2005,C13304,26
2005,C13306,13
2005,C13308,3
2005,C13310,11
2005,C13312,5
2005,C13314,12
2005,C13316,3
2005,C13320,12
2005,C13330,13
2005,C13332,13
2005,C13334,13
2005,C13336,19
2005,C13338,13
2005,C13340,13
2005,C13346,1
2005,C13348,3
2005,C13350,100
2005,C13354,90
2005,C13356,100
2005,C13358,110
2005,C13360,26
2005,C13363,25
2005,C13366,19
2005,C13368,26
2005,C13370,13
2005,C13372,26
2005,C13374,6
2005,C13376,3
2005,C13378,25
2005,C13380,16
2005,C13382,15
2005,C13384,5
2005,C13386,26
2005,C13390,38
2005,C13392,8
2005,C13396,20
2005,C13400,7
2005,C13402,1
2005,C13404,15
2005,C13410,25
2005,C13423,26
2005,C13429,25
2005,C13431,17
2005,C13433,14
2005,C13435,23
2005,C13441,11
2005,C13445,12
2005,C13447,17
2005,C13449,10
2005,C13453,8
2005,C13457,11
2005,C13581,25
2005,C13909,4
2005,C13913,26
2005,C14530,2
2005,C14531,26
2005,C14532,64
2005,C14535,5
2005,C14538,13
2005,C14539,1
2005,C14550,1
2005,C14551,2
2005,C14553,3
2005,C14554,1
2005,C14560,52
2005,C14561,40
2005,C14562,2
2005,C14575,13
2005,C14576,13
2005,C14577,12
2005,C14579,2
2005,C14580,15
2005,C14581,27
2005,C14582,12
2005,C14583,6
2005,C14584,15
2005,C14585,90
2005,C14586,12
2005,C14587,79
2005,C14588,6
2005,C14589,1
2005,C14590,6
2005,C14591,4
2005,C14593,12
2005,C14594,72
2005,C14595,30
2005,C14596,6
2005,C14597,11
2005,C14599,13
2005,C14600,13
2005,C14601,8
2005,C14602,2
2005,C14603,6
2005,C14604,17
2005,C14605,1
2005,C14606,13
2005,C14607,13
2005,C14609,1
2005,C14612,16
2005,C14614,90
2005,C14615,39
2005,C14616,3
2005,C14617,10
2005,C14618,3
2005,C14620,6
2005,C14621,4
2005,C14622,12
2005,C14623,13
2005,C14624,6
2005,C14625,15
2005,C14629,1
2005,C14631,2
2005,C14643,3
2005,C15343,10
2005,C15349,12
2005,C15350,26
2005,C15351,26
2005,C15352,13
2005,C7207,251
2005,C8504,243
2005,C8825,165
2005,C8849,190
2005,C9080,512
2005,C9122,249
2005,C9189,5
2005,C9197,9
2005,C9203,4
2005,C9283,189
2005,C9341,1
2005,C9798,6
2005,C9855,222
2010,C10797,63
2010,C10847,1
2010,C10992,251
2010,C10997,115
2010,C11521,12
2010,C11527,13
2010,C11654,12
2010,C11662,64
2010,C11681,64
2010,C11701,14
2010,C11740,13
2010,C11873,12
2010,C11875,12
2010,C11877,49
2010,C11924,10
2010,C11934,5
2010,C11938,17
2010,C11944,8
2010,C11948,90
2010,C11954,8
2010,C11969,106
2010,C11975,14
2010,C11978,35
2010,C11983,54
2010,C11988,30
2010,C11990,25
2010,C11994,15
2010,C12002,32
2010,C12004,12
2010,C12005,12
2010,C12007,13
2010,C12015,11
2010,C12017,13
2010,C12023,59
2010,C12025,26
2010,C12027,7
2010,C12029,12
2010,C12069,14
2010,C12072,25
2010,C12082,13
2010,C12084,12
2010,C12086,12
2010,C12092,14
2010,C12098,12
2010,C12100,11
2010,C12102,13
2010,C12104,37
2010,C12106,38
2010,C12114,13
2010,C12120,13
2010,C12126,21
2010,C12130,131
2010,C12132,164
2010,C12134,15
2010,C12135,19
2010,C12137,13
2010,C12141,8
2010,C12144,13
2010,C12146,12
2010,C12150,12
2010,C12152,12
2010,C12156,12
2010,C12158,12
2010,C12160,13
2010,C12162,12
2010,C12164,13
2010,C12166,13
2010,C12168,12
2010,C12170,24
2010,C12172,12
2010,C12174,24
2010,C12179,12
2010,C12181,13
2010,C12183,22
2010,C12185,12
2010,C12201,75
2010,C12203,37
2010,C12205,12
2010,C12209,12
2010,C12211,6
2010,C12213,13
2010,C12215,52
2010,C12217,51
2010,C12221,26
2010,C12223,51
2010,C12225,12
2010,C12227,105
2010,C12231,1
2010,C12233,26
2010,C12235,13
2010,C12237,26
2010,C12239,12
2010,C12241,51
2010,C12243,51
2010,C12245,12
2010,C12247,51
2010,C12249,12
2010,C12251,13
2010,C12253,14
2010,C12255,13
2010,C12257,26
2010,C12259,26
2010,C12261,24
2010,C12263,13
2010,C12265,11
2010,C12267,12
2010,C12269,12
2010,C12271,13
2010,C12273,12
2010,C12295,29
2010,C12297,12
2010,C12299,12
2010,C12301,25
2010,C12303,25
2010,C12391,12
2010,C12404,36
2010,C12567,34
2010,C12639,238
2010,C12647,4
2010,C12655,86
2010,C12921,12
2010,C12923,3
2010,C13191,149
2010,C13194,13
2010,C13198,26
2010,C13199,13
2010,C13201,77
2010,C13242,3
2010,C13254,36
2010,C13271,3
2010,C13322,46
2010,C13323,109
2010,C13325,12
2010,C13408,26
2010,C13412,11
2010,C13414,11
2010,C13416,65
2010,C13418,12
2010,C13420,13
2010,C13422,12
2010,C13459,26
2010,C13461,11
2010,C13463,26
2010,C13465,2
2010,C13467,26
2010,C13469,13
2010,C13471,2
2010,C13473,17
2010,C13475,13
2010,C13477,13
2010,C13481,12
2010,C13483,12
2010,C13485,1
2010,C13487,12
2010,C13490,12
2010,C13492,12
2010,C13494,12
2010,C13496,12
2010,C13498,26
2010,C13500,20
2010,C13502,13
2010,C13504,12
2010,C13506,13
2010,C13508,13
2010,C13510,12
2010,C13512,26
2010,C13514,13
2010,C13518,27
2010,C13520,12
2010,C13522,25
2010,C13524,11
2010,C13526,26
2010,C13528,12
2010,C13530,13
2010,C13534,45
2010,C13536,3
2010,C13538,10
2010,C13540,21
2010,C13545,25
2010,C13547,11
2010,C13549,13
2010,C13553,13
2010,C13557,20
2010,C13560,49
2010,C13566,12
2010,C13568,13
2010,C13570,13
2010,C13573,120
2010,C13575,13
2010,C13577,77
2010,C13579,48
2010,C13583,42
2010,C13585,90
2010,C13587,39
2010,C13590,4
2010,C13592,12
2010,C13595,12
2010,C13601,12
2010,C13603,12
2010,C13607,11
2010,C13609,12
2010,C13611,12
2010,C13613,13
2010,C13615,12
2010,C13617,25
2010,C13620,12
2010,C13622,5
2010,C13624,24
2010,C13626,13
2010,C13628,25
2010,C13630,24
2010,C13632,25
2010,C13634,3
2010,C13635,13
2010,C13637,6
2010,C13639,12
2010,C13641,26
2010,C13643,12
2010,C13645,100
2010,C13647,12
2010,C13650,25
2010,C13653,26
2010,C13655,13
2010,C13658,12
2010,C13662,11
2010,C13665,12
2010,C13667,11
2010,C13669,13
2010,C13673,88
2010,C13675,480
2010,C13677,26
2010,C13679,12
2010,C13682,22
2010,C13684,82
2010,C13686,52
2010,C13688,1
2010,C13690,12
2010,C13692,52
2010,C13694,10
2010,C13696,12
2010,C13698,11
2010,C13700,12
2010,C13702,13
2010,C13705,25
2010,C13707,26
2010,C13709,90
2010,C13711,12
2010,C13713,12
2010,C13716,75
2010,C13718,1
2010,C13720,12
2010,C13722,24
2010,C13725,12
2010,C13727,12
2010,C13729,25
2010,C13730,12
2010,C13732,13
2010,C13734,12
2010,C13736,12
2010,C13738,52
2010,C13740,147
2010,C13742,12
2010,C13746,13
2010,C13748,25
2010,C13750,4
2010,C13752,50
2010,C13754,2
2010,C13756,41
2010,C13759,11
2010,C13761,11
2010,C13763,25
2010,C13765,13
2010,C13767,13
2010,C13769,12
2010,C13771,51
2010,C13774,39
2010,C13776,60
2010,C13778,12
2010,C13780,2
2010,C13782,22
2010,C13784,16
2010,C13786,12
2010,C13788,12
2010,C13790,4
2010,C13792,13
2010,C13794,12
2010,C13797,8
2010,C13799,1
2010,C13801,52
2010,C13803,11
2010,C13807,12
2010,C13809,13
2010,C13811,6
2010,C13813,13
2010,C13815,12
2010,C13817,49
2010,C13819,26
2010,C13822,12
2010,C13824,51
2010,C13826,13
2010,C13828,13
2010,C13830,22
2010,C13832,22
2010,C13834,24
2010,C13840,12
2010,C13842,13
2010,C13844,13
2010,C13846,12
2010,C13849,14
2010,C13851,12
2010,C13853,12
2010,C13855,12
2010,C13857,12
2010,C13859,12
2010,C13861,28
2010,C13863,13
2010,C13865,1
2010,C13869,12
2010,C13871,13
2010,C13873,11
2010,C13875,12
2010,C13877,12
2010,C13879,12
2010,C13883,26
2010,C13885,13
2010,C13887,24
2010,C13903,58
2010,C13905,51
2010,C13907,63
2010,C13915,51
2010,C13917,51
2010,C13919,51
2010,C13925,13
2010,C13927,14
2010,C13930,13
2010,C13932,12
2010,C13934,13
2010,C13936,12
2010,C13939,13
2010,C13941,12
2010,C13944,11
2010,C13946,12
2010,C13948,26
2010,C13950,26
2010,C13952,20
2010,C13954,52
2010,C13958,13
2010,C13960,27
2010,C13961,12
2010,C13964,24
2010,C13966,22
2010,C13969,7
2010,C13971,25
2010,C13973,12
2010,C13976,12
2010,C13978,12
2010,C13980,12
2010,C13982,12
2010,C13984,8
2010,C13992,11
2010,C13999,43
2010,C14001,26
2010,C14003,97
2010,C14007,13
2010,C14009,14
2010,C14011,12
2010,C14013,13
2010,C14015,10
2010,C14017,50
2010,C14019,20
2010,C14021,13
2010,C14023,13
2010,C14025,13
2010,C14027,12
2010,C14029,26
2010,C14031,24
2010,C14033,51
2010,C14036,13
2010,C14039,14
2010,C14041,13
2010,C14043,12
2010,C14045,12
2010,C14047,13
2010,C14048,13
2010,C14079,13
2010,C14081,13
2010,C14083,13
2010,C14085,11
2010,C14087,12
2010,C14092,3
2010,C14096,12
2010,C14098,13
2010,C14100,12
2010,C14102,10
2010,C14104,12
2010,C14106,12
2010,C14108,12
2010,C14110,12
2010,C14112,13
2010,C14114,24
2010,C14117,12
2010,C14119,9
2010,C14121,12
2010,C14123,12
2010,C14125,13
2010,C14127,27
2010,C14130,13
2010,C14132,8
2010,C14134,13
2010,C14136,26
2010,C14138,26
2010,C14140,14
2010,C14142,22
2010,C14144,13
2010,C14146,28
2010,C14150,14
2010,C14156,10
2010,C14158,13
2010,C14160,12
2010,C14162,12
2010,C14164,12
2010,C14166,12
2010,C14168,13
2010,C14170,12
2010,C14172,26
2010,C14174,13
2010,C14176,12
2010,C14178,12
2010,C14250,12
2010,C14252,12
2010,C14254,12
2010,C14256,13
2010,C14258,12
2010,C14260,12
2010,C14280,12
2010,C14282,13
2010,C14525,24
2010,C14528,5
2010,C14529,12
2010,C14530,24
2010,C14533,90
2010,C14534,5
2010,C14536,5
2010,C14537,6
2010,C14539,5
2010,C14540,3
2010,C14541,8
2010,C14542,13
2010,C14543,9
2010,C14544,12
2010,C14545,5
2010,C14547,15
2010,C14548,3
2010,C14549,3
2010,C14550,5
2010,C14551,3
2010,C14552,1
2010,C14553,23
2010,C14554,5
2010,C14555,37
2010,C14556,4
2010,C14557,12
2010,C14558,12
2010,C14559,25
2010,C14584,35
2010,C14585,25
2010,C14587,11
2010,C14589,1
2010,C14594,24
2010,C14606,13
2010,C14607,19
2010,C14615,13
2010,C14619,13
2010,C14620,6
2010,C14624,24
2010,C14625,5
2010,C14626,12
2010,C14627,110
2010,C14628,18
2010,C14629,3
2010,C14630,28
2010,C14631,10
2010,C14632,40
2010,C14633,12
2010,C14634,26
2010,C14635,20
2010,C14636,74
2010,C14637,81
2010,C14638,20
2010,C14640,13
2010,C14641,3
2010,C14643,23
2010,C14645,7
2010,C14646,48
2010,C14647,4
2010,C14648,27
2010,C14649,4
2010,C14651,51
2010,C14652,23
2010,C14653,24
2010,C14654,13
2010,C14655,1
2010,C14656,70
2010,C14657,2
2010,C14658,3
2010,C14659,26
2010,C14660,37
2010,C14661,25
2010,C14662,27
2010,C14663,12
2010,C14664,12
2010,C14665,13
2010,C14666,26
2010,C14667,21
2010,C14668,37
2010,C14669,76
2010,C14670,12
2010,C14671,13
2010,C14673,110
2010,C14675,40
2010,C14676,3
2010,C14677,5
2010,C14678,33
2010,C14679,12
2010,C14681,8
2010,C14683,18
2010,C14684,26
2010,C14685,25
2010,C14687,45
2010,C14688,26
2010,C14689,68
2010,C14691,26
2010,C14692,26
2010,C14693,16
2010,C14695,115
2010,C14696,8
2010,C14697,5
2010,C14698,12
2010,C14699,26
2010,C14701,101
2010,C14702,10
2010,C14703,38
2010,C14704,91
2010,C14705,13
2010,C14706,40
2010,C14707,40
2010,C14708,307
2010,C14709,13
2010,C14710,370
2010,C14711,13
2010,C14712,25
2010,C14713,13
2010,C14714,13
2010,C14716,39
2010,C14717,13
2010,C14718,85
2010,C14719,25
2010,C14720,60
2010,C14721,12
2010,C14722,12
2010,C14723,13
2010,C14724,12
2010,C14725,50
2010,C14726,12
2010,C14727,140
2010,C14728,52
2010,C14729,52
2010,C14730,26
2010,C14731,28
2010,C14732,34
2010,C14733,10
2010,C14734,48
2010,C14735,32
2010,C14736,13
2010,C14737,25
2010,C14738,36
2010,C14739,10
2010,C14740,49
2010,C14741,12
2010,C14742,12
2010,C14743,25
2010,C14744,12
2010,C14745,12
2010,C14746,12
2010,C14747,3
2010,C14748,14
2010,C14749,13
2010,C14750,13
2010,C14751,13
2010,C14752,12
2010,C14753,11
2010,C14755,89
2010,C14756,49
2010,C14757,35
2010,C14758,12
2010,C14759,37
2010,C14760,13
2010,C14761,13
2010,C14762,51
2010,C14763,13
2010,C14764,53
2010,C14765,12
2010,C14767,6
2010,C14768,13
2010,C14769,51
2010,C14770,90
2010,C14772,13
2010,C14773,29
2010,C14774,45
2010,C14775,52
2010,C14776,431
2010,C14777,13
2010,C14778,84
2010,C14779,22
2010,C14780,26
2010,C14781,14
2010,C14782,51
2010,C14783,252
2010,C14784,47
2010,C14785,12
2010,C14786,6
2010,C14787,26
2010,C14788,12
2010,C14789,38
2010,C14790,11
2010,C14791,76
2010,C14792,13
2010,C14793,12
2010,C14794,13
2010,C14795,8
2010,C14796,13
2010,C14797,13
2010,C14799,12
2010,C14800,12
2010,C14801,12
2010,C14802,13
2010,C14803,32
2010,C14804,12
2010,C14806,13
2010,C14808,43
2010,C14809,12
2010,C14810,12
2010,C14811,14
2010,C14812,26
2010,C14813,13
2010,C14814,4
2010,C14815,14
2010,C14816,10
2010,C14817,59
2010,C14818,13
2010,C14819,36
2010,C14820,11
2010,C14821,25
2010,C14822,103
2010,C14824,26
2010,C14825,12
2010,C14826,12
2010,C14827,13
2010,C14828,32
2010,C14829,24
2010,C14830,25
2010,C14831,12
2010,C14832,13
2010,C14833,39
2010,C14834,11
2010,C14835,12
2010,C14836,26
2010,C14837,13
2010,C14839,14
2010,C14840,24
2010,C14842,2
2010,C14843,13
2010,C14844,10
2010,C14845,14
2010,C14846,50
2010,C14847,22
2010,C14848,9
2010,C14849,10
2010,C14850,52
2010,C14851,13
2010,C14852,14
2010,C14853,20
2010,C14854,13
2010,C14855,25
2010,C14856,6
2010,C14857,6
2010,C14858,10
2010,C14859,8
2010,C14860,12
2010,C14861,14
2010,C14862,13
2010,C14863,13
2010,C14864,13
2010,C14865,5
2010,C14866,63
2010,C14867,13
2010,C14868,32
2010,C14869,29
2010,C14870,13
2010,C14871,51
2010,C14872,13
2010,C14873,48
2010,C14875,13
2010,C14877,39
2010,C14878,12
2010,C14879,25
2010,C14881,13
2010,C14882,13
2010,C14884,21
2010,C14885,40
2010,C14887,13
2010,C14888,38
2010,C14889,16
2010,C14890,2
2010,C14891,13
2010,C14892,25
2010,C14893,12
2010,C14894,13
2010,C14895,13
2010,C14896,12
2010,C14897,10
2010,C14898,12
2010,C14899,51
2010,C14900,12
2010,C14901,12
2010,C14902,12
2010,C14903,12
2010,C14904,14
2010,C14905,56
2010,C14906,4
2010,C14907,13
2010,C14908,12
2010,C14909,25
2010,C14910,10
2010,C14911,159
2010,C14912,13
2010,C14913,13
2010,C14914,12
2010,C14915,37
2010,C14916,26
2010,C14917,12
2010,C14918,12
2010,C14919,26
2010,C14920,10
2010,C14921,13
2010,C14922,12
2010,C14923,13
2010,C14924,12
2010,C14925,13
2010,C14927,38
2010,C14928,13
2010,C14929,62
2010,C14931,13
2010,C14932,13
2010,C14933,20
2010,C14934,1
2010,C14937,12
2010,C14938,28
2010,C14939,13
2010,C14941,12
2010,C14942,1
2010,C14943,36
2010,C14944,13
2010,C14945,33
2010,C14946,12
2010,C14947,12
2010,C14948,13
2010,C14949,12
2010,C14950,12
2010,C14951,14
2010,C14952,11
2010,C14953,12
2010,C14954,13
2010,C14955,12
2010,C14956,11
2010,C14957,13
2010,C14958,12
2010,C14965,23
2010,C14966,12
2010,C14967,26
2010,C14968,26
2010,C14969,12
2010,C14970,25
2010,C14971,12
2010,C14972,12
2010,C14973,39
2010,C14974,10
2010,C14975,12
2010,C14976,4
2010,C14977,51
2010,C14978,10
2010,C14979,24
2010,C14980,39
2010,C14981,12
2010,C14982,10
2010,C14983,12
2010,C14984,12
2010,C14985,12
2010,C14986,12
2010,C14987,13
2010,C14988,13
2010,C14989,12
2010,C14990,13
2010,C14991,12
2010,C14992,12
2010,C14993,12
2010,C14994,12
2010,C14995,24
2010,C14996,10
2010,C14997,12
2010,C14998,12
2010,C14999,12
2010,C15000,12
2010,C15001,70
2010,C15002,38
2010,C15003,12
2010,C15004,15
2010,C15005,36
2010,C15006,26
2010,C15007,25
2010,C15008,27
2010,C15009,13
2010,C15010,24
2010,C15011,12
2010,C15012,12
2010,C15013,24
2010,C15014,14
2010,C15015,12
2010,C15016,25
2010,C15017,12
2010,C15018,12
2010,C15019,13
2010,C15020,12
2010,C15021,10
2010,C15022,12
2010,C15023,37
2010,C15024,39
2010,C15025,13
2010,C15026,13
2010,C15027,8
2010,C15028,13
2010,C15029,38
2010,C15030,20
2010,C15031,22
2010,C15032,12
2010,C15033,12
2010,C15034,24
2010,C15035,13
2010,C15036,12
2010,C15037,25
2010,C15038,13
2010,C15039,12
2010,C15040,46
2010,C15041,12
2010,C15042,12
2010,C15043,38
2010,C15044,13
2010,C15045,11
2010,C15046,15
2010,C15047,52
2010,C15048,13
2010,C15049,26
2010,C15050,26
2010,C15051,10
2010,C15052,12
2010,C15053,39
2010,C15054,12
2010,C15055,12
2010,C15056,12
2010,C15057,27
2010,C15058,14
2010,C15059,39
2010,C15060,6
2010,C15061,12
2010,C15062,12
2010,C15063,12
2010,C15064,13
2010,C15065,13
2010,C15066,12
2010,C15067,25
2010,C15068,11
2010,C15069,12
2010,C15070,12
2010,C15071,13
2010,C15072,13
2010,C15073,10
2010,C15074,13
2010,C15075,12
2010,C15076,79
2010,C15077,12
2010,C15078,27
2010,C15079,11
2010,C15080,12
2010,C15081,70
2010,C15082,25
2010,C15083,13
2010,C15084,12
2010,C15085,12
2010,C15086,38
2010,C15087,70
2010,C15088,11
2010,C15089,13
2010,C15090,12
2010,C15234,8
2010,C15235,11
2010,C15239,15
2010,C15240,15
2010,C15247,2
2010,C15248,12
2010,C15270,5
2010,C15271,12
2010,C15272,14
2010,C15273,13
2010,C15274,60
2010,C15275,12
2010,C15280,182
2010,C15281,34
2010,C15282,1
2010,C15283,16
2010,C15284,14
2010,C15285,2
2010,C15286,16
2010,C15287,72
2010,C15288,36
2010,C15355,38
2010,C15357,4
2010,C15360,3
2010,C15361,9
2010,C15362,12
2010,C15363,10
2010,C15364,13
2010,C15365,14
2010,C15366,13
2010,C15367,13
2010,C15368,13
2010,C15370,12
2010,C15371,12
2010,C15373,10
2010,C15374,13
2010,C15375,11
2010,C15376,13
2010,C15377,12
2010,C15378,10
2010,C15379,13
2010,C15380,12
2010,C15381,12
2010,C15382,31
2010,C15383,12
2010,C15384,12
2010,C15385,12
2010,C15386,12
2010,C15387,10
2010,C15388,13
2010,C15389,12
2010,C15390,12
2010,C15391,12
2010,C15392,12
2010,C15393,10
2010,C15394,14
2010,C15395,11
2010,C15396,12
2010,C15397,12
2010,C15398,12
2010,C15399,13
2010,C15400,4
2010,C15401,13
2010,C15402,13
2010,C15403,13
2010,C15404,2
2010,C15405,12
2010,C15406,13
2010,C15407,4
2010,C15408,11
2010,C15495,1
2010,C15514,1
2010,C15515,16
2010,C15516,186
2010,C15517,12
2010,C15518,69
2010,C15519,6
2010,C15520,54
2010,C15521,72
2010,C15522,5
2010,C15523,62
2010,C15535,2
2010,C15536,9
2010,C15537,32
2010,C15538,5
2010,C15539,34
2010,C15540,21
2010,C15541,32
2010,C15542,3
2010,C15543,36
2010,C15544,53
2010,C15545,24
2010,C15546,99
2010,C15547,30
2010,C15549,1
2010,C15550,22
2010,C15552,13
2010,C15553,1
2010,C15554,12
2010,C15555,25
2010,C15556,13
2010,C15565,13
2010,C15568,10
2010,C15569,13
2010,C15570,2
2010,C15571,10
2010,C15572,14
2010,C15573,2
2010,C15574,3
2010,C15575,8
2010,C15577,3
2010,C15578,12
2010,C15579,13
2010,C15581,10
2010,C15583,17
2010,C15585,6
2010,C15586,9
2010,C15588,10
2010,C15589,1
2010,C15591,3
2010,C15592,3
2010,C15593,10
2010,C15595,2
2010,C15597,4
2010,C15699,6
2010,C15771,10
2010,C15778,1
2010,C7207,362
2010,C8504,290
2010,C8849,205
2010,C9080,359
2010,C9122,295
2010,C9189,6
2010,C9197,4
2010,C9283,226
2010,C9798,1
2010,C9855,248
2015,C10992,98
2015,C12639,171
2015,C12921,10
2015,C13271,1
2015,C13573,10
2015,C13634,1
2015,C14541,1
2015,C14584,7
2015,C14629,1
2015,C14649,1
2015,C14695,64
2015,C14708,254
2015,C14727,103
2015,C14755,62
2015,C14778,46
2015,C14783,312
2015,C14866,12
2015,C14889,34
2015,C14905,43
2015,C14958,3
2015,C14973,63
2015,C14977,24
2015,C14980,12
2015,C15002,13
2015,C15008,5
2015,C15023,12
2015,C15024,12
2015,C15028,37
2015,C15029,13
2015,C15040,3
2015,C15043,13
2015,C15047,13
2015,C15049,101
2015,C15053,13
2015,C15059,13
2015,C15076,11
2015,C15078,5
2015,C15081,5
2015,C15086,99
2015,C15087,304
2015,C15232,13
2015,C15233,13
2015,C15236,24
2015,C15237,12
2015,C15238,12
2015,C15241,12
2015,C15242,14
2015,C15243,13
2015,C15244,13
2015,C15245,14
2015,C15249,25
2015,C15250,24
2015,C15270,5
2015,C15271,12
2015,C15272,12
2015,C15273,62
2015,C15276,13
2015,C15277,13
2015,C15278,12
2015,C15279,13
2015,C15355,23
2015,C15362,66
2015,C15363,38
2015,C15365,12
2015,C15366,12
2015,C15371,12
2015,C15377,13
2015,C15380,13
2015,C15389,12
2015,C15390,12
2015,C15394,13
2015,C15395,11
2015,C15396,13
2015,C15398,12
2015,C15410,13
2015,C15411,13
2015,C15412,12
2015,C15413,13
2015,C15414,12
2015,C15415,12
2015,C15416,12
2015,C15417,13
2015,C15418,12
2015,C15419,13
2015,C15420,10
2015,C15421,25
2015,C15422,24
2015,C15423,13
2015,C15424,12
2015,C15425,12
2015,C15426,13
2015,C15427,12
2015,C15428,13
2015,C15429,12
2015,C15430,12
2015,C15431,12
2015,C15432,10
2015,C15433,16
2015,C15434,13
2015,C15435,13
2015,C15436,70
2015,C15437,12
2015,C15438,12
2015,C15439,24
2015,C15440,12
2015,C15441,13
2015,C15442,13
2015,C15443,13
2015,C15444,12
2015,C15445,13
2015,C15446,12
2015,C15447,13
2015,C15448,13
2015,C15449,10
2015,C15450,12
2015,C15451,12
2015,C15452,12
2015,C15453,15
2015,C15454,12
2015,C15455,12
2015,C15456,24
2015,C15457,12
2015,C15458,12
2015,C15459,22
2015,C15460,63
2015,C15461,13
2015,C15462,12
2015,C15463,13
2015,C15464,12
2015,C15465,26
2015,C15466,13
2015,C15467,26
2015,C15468,12
2015,C15469,13
2015,C15470,26
2015,C15471,25
2015,C15472,12
2015,C15473,13
2015,C15474,32
2015,C15475,13
2015,C15476,13
2015,C15477,26
2015,C15478,54
2015,C15479,12
2015,C15480,16
2015,C15481,13
2015,C15482,12
2015,C15483,12
2015,C15484,14
2015,C15485,26
2015,C15486,70
2015,C15487,12
2015,C15488,23
2015,C15489,25
2015,C15490,13
2015,C15491,13
2015,C15492,1
2015,C15493,13
2015,C15494,63
2015,C15495,13
2015,C15496,12
2015,C15497,51
2015,C15498,12
2015,C15499,24
2015,C15500,72
2015,C15501,15
2015,C15502,13
2015,C15503,13
2015,C15504,51
2015,C15505,12
2015,C15506,50
2015,C15507,26
2015,C15508,12
2015,C15509,13
2015,C15510,13
2015,C15511,12
2015,C15512,13
2015,C15513,13
2015,C15514,1
2015,C15515,19
2015,C15516,246
2015,C15520,38
2015,C15524,46
2015,C15525,2
2015,C15527,12
2015,C15529,13
2015,C15530,26
2015,C15531,24
2015,C15532,24
2015,C15533,26
2015,C15534,72
2015,C15540,7
2015,C15544,4
2015,C15546,59
2015,C15557,24
2015,C15558,24
2015,C15559,24
2015,C15560,1
2015,C15561,20
2015,C15562,26
2015,C15563,12
2015,C15564,23
2015,C15598,14
2015,C15599,13
2015,C15600,10
2015,C15601,5
2015,C15602,18
2015,C15603,5
2015,C15604,58
2015,C15605,13
2015,C15606,2
2015,C15607,3
2015,C15608,12
2015,C15610,12
2015,C15611,6
2015,C15612,12
2015,C15613,13
2015,C15614,12
2015,C15615,12
2015,C15616,5
2015,C15619,15
2015,C15620,15
2015,C15621,58
2015,C15623,1
2015,C15624,13
2015,C15625,12
2015,C15626,12
2015,C15627,12
2015,C15628,10
2015,C15630,16
2015,C15631,12
2015,C15633,5
2015,C15634,13
2015,C15635,12
2015,C15636,13
2015,C15637,13
2015,C15638,11
2015,C15641,1
2015,C15656,2
2015,C15657,26
2015,C15658,20
2015,C15659,24
2015,C15660,24
2015,C15661,26
2015,C15662,26
2015,C15663,24
2015,C15664,26
2015,C15665,26
2015,C15666,24
2015,C15667,24
2015,C15668,26
2015,C15669,26
2015,C15670,24
2015,C15671,4
2015,C15672,27
2015,C15673,24
2015,C15674,22
2015,C15675,26
2015,C15676,26
2015,C15677,24
2015,C15678,1
2015,C15682,12
2015,C15684,3
2015,C15686,13
2015,C15687,12
2015,C15688,13
2015,C15689,12
2015,C15690,12
2015,C15691,25
2015,C15692,13
2015,C15693,96
2015,C15694,26
2015,C15695,24
2015,C15696,40
2015,C15697,13
2015,C15698,13
2015,C15699,4
2015,C15700,12
2015,C15701,12
2015,C15702,12
2015,C15703,13
2015,C15704,13
2015,C15705,14
2015,C15706,13
2015,C15707,12
2015,C15708,12
2015,C15709,12
2015,C15710,13
2015,C15711,13
2015,C15713,6
2015,C15714,10
2015,C15715,8
2015,C15716,12
2015,C15717,12
2015,C15718,12
2015,C15720,12
2015,C15721,13
2015,C15722,80
2015,C15723,13
2015,C15724,13
2015,C15725,2
2015,C15726,24
2015,C15727,2
2015,C15728,13
2015,C15729,13
2015,C15730,8
2015,C15735,37
2015,C15736,12
2015,C15737,12
2015,C15738,38
2015,C15739,33
2015,C15740,39
2015,C15741,25
2015,C15742,12
2015,C15743,12
2015,C15744,12
2015,C15745,12
2015,C15746,12
2015,C15747,12
2015,C15748,12
2015,C15749,27
2015,C15750,13
2015,C15751,12
2015,C15752,12
2015,C15753,10
2015,C15755,2
2015,C15758,2
2015,C15759,38
2015,C15760,38
2015,C15761,34
2015,C15762,115
2015,C15763,32
2015,C15764,38
2015,C15765,26
2015,C15766,48
2015,C15767,98
2015,C15768,24
2015,C15769,12
2015,C15770,13
2015,C15771,3
2015,C15774,6
2015,C15775,1
2015,C15776,96
2015,C15777,96
2015,C15778,3
2015,C15779,4
2015,C15780,8
2015,C15781,38
2015,C15782,1
2015,C15783,9
2015,C15784,2
2015,C15786,1
2015,C15788,10
2015,C15789,13
2015,C15790,12
2015,C15791,12
2015,C15792,13
2015,C15793,10
2015,C15794,8
2015,C15795,13
2015,C15796,26
2015,C15797,24
2015,C15798,24
2015,C15799,5
2015,C15800,5
2015,C15801,12
2015,C15802,12
2015,C15803,12
2015,C15804,23
2015,C15805,13
2015,C15806,13
2015,C15807,25
2015,C15808,12
2015,C15809,12
2015,C15810,37
2015,C15811,12
2015,C15812,13
2015,C15813,13
2015,C15831,1
2015,C15832,2
2015,C15833,13
2015,C15834,13
2015,C15835,26
2015,C15836,8
2015,C15837,13
2015,C15838,13
2015,C15839,13
2015,C15840,12
2015,C15841,12
2015,C15842,13
2015,C15843,12
2015,C15844,13
2015,C15845,13
2015,C15846,3
2015,C15847,4
2015,C15848,14
2015,C15849,12
2015,C15850,11
2015,C15851,14
2015,C15852,12
2015,C15853,12
2015,C15854,12
2015,C15855,12
2015,C15856,12
2015,C15857,4
2015,C15858,4
2015,C15859,4
2015,C15860,13
2015,C15861,13
2015,C15862,10
2015,C15863,26
2015,C15864,22
2015,C15865,11
2015,C15866,14
2015,C15867,13
2015,C15868,13
2015,C15869,12
2015,C15870,12
2015,C15871,39
2015,C15872,45
2015,C15873,26
2015,C15874,39
2015,C15875,13
2015,C15876,65
2015,C15878,1
2015,C15879,28
2015,C15880,13
2015,C15881,12
2015,C15882,27
2015,C15883,13
2015,C15884,12
2015,C15885,12
2015,C15886,12
2015,C15887,12
2015,C15888,26
2015,C15889,27
2015,C15890,12
2015,C15891,24
2015,C15892,13
2015,C15893,14
2015,C15894,2
2015,C15896,27
2015,C15897,15
2015,C15898,12
2015,C15899,12
2015,C15900,12
2015,C15901,13
2015,C15902,13
2015,C15903,12
2015,C15904,27
2015,C15905,12
2015,C15906,14
2015,C15907,19
2015,C15908,25
2015,C15909,12
2015,C15910,26
2015,C15911,14
2015,C15912,12
2015,C15913,12
2015,C15914,4
2015,C15915,6
2015,C15916,12
2015,C15917,12
2015,C15937,13
2015,C15938,10
2015,C15939,12
2015,C15940,12
2015,C15941,12
2015,C15945,10
2015,C15951,12
2015,C15952,14
2015,C15953,12
2015,C15954,13
2015,C15955,13
2015,C15956,13
2015,C15957,14
2015,C15958,12
2015,C15959,13
2015,C15960,13
2015,C15961,13
2015,C15962,13
2015,C15963,12
2015,C15964,4
2015,C15965,12
2015,C15966,12
2015,C15967,12
2015,C15968,12
2015,C15969,13
2015,C15970,14
2015,C15971,12
2015,C15972,12
2015,C15973,12
2015,C15974,12
2015,C15975,13
2015,C15976,12
2015,C15977,12
2015,C15978,13
2015,C15979,24
2015,C15980,12
2015,C15981,13
2015,C15982,12
2015,C15983,12
2015,C15984,13
2015,C15985,13
2015,C15986,13
2015,C15987,12
2015,C15988,12
2015,C15989,13
2015,C15990,12
2015,C15991,13
2015,C15992,12
2015,C15993,28
2015,C15994,13
2015,C15995,70
2015,C15996,44
2015,C15997,52
2015,C15998,65
2015,C15999,190
2015,C16000,12
2015,C16001,3
2015,C16002,66
2015,C16003,38
2015,C16004,31
2015,C16005,37
2015,C16006,13
2015,C16007,13
2015,C16008,12
2015,C16009,12
2015,C16010,11
2015,C16011,12
2015,C16012,12
2015,C16013,9
2015,C16014,5
2015,C16015,11
2015,C16016,11
2015,C16017,1
2015,C16018,10
2015,C16019,2
2015,C16020,9
2015,C16021,4
2015,C16022,4
2015,C16023,2
2015,C16024,80
2015,C16025,40
2015,C16026,13
2015,C16027,38
2015,C16028,23
2015,C16029,5
2015,C16030,13
2015,C16031,13
2015,C16032,12
2015,C16033,86
2015,C16034,4
2015,C16037,24
2015,C16038,24
2015,C16039,39
2015,C16040,38
2015,C16041,38
2015,C16042,37
2015,C16043,34
2015,C16044,39
2015,C16045,8
2015,C16046,52
2015,C16047,4
2015,C16048,24
2015,C16049,35
2015,C16050,1
2015,C16051,4
2015,C16052,30
2015,C16054,11
2015,C16055,3
2015,C16056,14
2015,C16057,26
2015,C16058,12
2015,C16059,12
2015,C16060,18
2015,C16061,12
2015,C16062,13
2015,C16063,12
2015,C16064,13
2015,C16065,24
2015,C16066,12
2015,C16067,27
2015,C16068,10
2015,C16070,15
2015,C16071,14
2015,C16072,10
2015,C16073,12
2015,C16074,13
2015,C16075,12
2015,C16076,12
2015,C16077,12
2015,C16078,10
2015,C16079,13
2015,C16080,25
2015,C16081,25
2015,C16082,13
2015,C16083,12
2015,C16084,12
2015,C16085,12
2015,C16086,13
2015,C16087,12
2015,C16088,13
2015,C16089,12
2015,C16090,13
2015,C16091,12
2015,C16092,12
2015,C16093,12
2015,C16094,14
2015,C16095,12
2015,C16096,12
2015,C16097,12
2015,C16098,12
2015,C16099,12
2015,C16100,13
2015,C16101,12
2015,C16102,12
2015,C16103,13
2015,C16104,10
2015,C16105,13
2015,C16106,24
2015,C16107,12
2015,C16108,26
2015,C16109,24
2015,C16110,12
2015,C16111,12
2015,C16112,44
2015,C16113,12
2015,C16114,13
2015,C16115,12
2015,C16116,13
2015,C16117,13
2015,C16118,12
2015,C16119,13
2015,C16120,13
2015,C16121,13
2015,C16122,12
2015,C16123,14
2015,C16124,12
2015,C16125,13
2015,C16126,12
2015,C16127,12
2015,C16128,12
2015,C16129,13
2015,C16130,13
2015,C16131,12
2015,C16132,26
2015,C16133,12
2015,C16134,71
2015,C16135,12
2015,C16136,13
2015,C16137,12
2015,C16138,12
2015,C16139,25
2015,C16140,13
2015,C16141,12
2015,C16142,12
2015,C16143,12
2015,C16144,13
2015,C16145,13
2015,C16146,13
2015,C16147,20
2015,C16148,25
2015,C16149,15
2015,C16150,12
2015,C16151,11
2015,C16152,12
2015,C16153,28
2015,C16154,12
2015,C16155,12
2015,C16156,12
2015,C16157,12
2015,C16158,13
2015,C16159,12
2015,C16160,12
2015,C16161,24
2015,C16162,12
2015,C16163,11
2015,C16164,23
2015,C16165,24
2015,C16166,29
2015,C16167,12
2015,C16168,13
2015,C16169,33
2015,C16170,34
2015,C16171,12
2015,C16172,12
2015,C16173,12
2015,C16174,12
2015,C16175,15
2015,C16176,10
2015,C16177,32
2015,C16178,13
2015,C16179,16
2015,C16180,12
2015,C16181,59
2015,C16182,42
2015,C16183,26
2015,C16184,26
2015,C16185,12
2015,C16186,27
2015,C16187,12
2015,C16188,24
2015,C16190,25
2015,C16191,13
2015,C16192,13
2015,C16193,13
2015,C16194,25
2015,C16195,82
2015,C16196,10
2015,C16197,2
2015,C16198,12
2015,C16199,24
2015,C16200,13
2015,C16201,12
2015,C16202,25
2015,C16203,10
2015,C16204,21
2015,C16205,14
2015,C16206,12
2015,C16207,12
2015,C16208,16
2015,C16209,13
2015,C16210,10
2015,C16211,12
2015,C16212,14
2015,C16213,12
2015,C16214,12
2015,C16215,12
2015,C16216,13
2015,C16217,11
2015,C16218,2
2015,C16219,10
2015,C16220,13
2015,C16221,11
2015,C16222,77
2015,C16223,13
2015,C16224,34
2015,C16225,13
2015,C16226,1
2015,C16227,8
2015,C16228,60
2015,C16229,1
2015,C16230,7
2015,C16231,6
2015,C16233,1
2015,C16236,1
2015,C7207,305
2015,C8504,184
2015,C8849,173
2015,C9122,193
2015,C9189,1
2015,C9197,1
2015,C9283,99
2015,C9855,94
